person,conjugation,gloss,tense,tense_base,tense_translation,preverb,preverb_translation,preverb_base,verb,verb_base,verb_type,verb_translation,subject,subject_translation,subject_base,mode,mode_translation,mode_base
3,kahatihapiyiwa,3-fut_def-ati-apiVAI-3'-ind-,fut_def,ka,future definite,ati,begin to,ati,apiVAI,api,VAI,sit,3',John's son(s),John okosisa,ind,Independent,
3,kahatimîcisoyiwa,3-fut_def-ati-mîcisoVAI-3'-ind-,fut_def,ka,future definite,ati,begin to,ati,mîcisoVAI,mîciso,VAI,eat,3',John's son(s),John okosisa,ind,Independent,
3,kanitawihapiyiwa,3-fut_def-nitawi-apiVAI-3'-ind-,fut_def,ka,future definite,nitawi,good at,nitawi,apiVAI,api,VAI,sit,3',John's son(s),John okosisa,ind,Independent,
3,kanitawimîcisoyiwa,3-fut_def-nitawi-mîcisoVAI-3'-ind-,fut_def,ka,future definite,nitawi,good at,nitawi,mîcisoVAI,mîciso,VAI,eat,3',John's son(s),John okosisa,ind,Independent,
3,kapehapiyiwa,3-fut_def-pe-apiVAI-3'-ind-,fut_def,ka,future definite,pe,come and,pe,apiVAI,api,VAI,sit,3',John's son(s),John okosisa,ind,Independent,
3,kapemîcisoyiwa,3-fut_def-pe-mîcisoVAI-3'-ind-,fut_def,ka,future definite,pe,come and,pe,mîcisoVAI,mîciso,VAI,eat,3',John's son(s),John okosisa,ind,Independent,
3,kahapiyiwa,3-fut_def-NONE-apiVAI-3'-ind-,fut_def,ka,future definite,NONE,no preverb,mahkikway preverb,apiVAI,api,VAI,sit,3',John's son(s),John okosisa,ind,Independent,
3,kamîcisoyiwa,3-fut_def-NONE-mîcisoVAI-3'-ind-,fut_def,ka,future definite,NONE,no preverb,mahkikway preverb,mîcisoVAI,mîciso,VAI,eat,3',John's son(s),John okosisa,ind,Independent,
3,wîhatihapiyiwa,3-fut_int-ati-apiVAI-3'-ind-,fut_int,wî,future intentional,ati,begin to,ati,apiVAI,api,VAI,sit,3',John's son(s),John okosisa,ind,Independent,
3,wîhatimîcisoyiwa,3-fut_int-ati-mîcisoVAI-3'-ind-,fut_int,wî,future intentional,ati,begin to,ati,mîcisoVAI,mîciso,VAI,eat,3',John's son(s),John okosisa,ind,Independent,
3,wînitawihapiyiwa,3-fut_int-nitawi-apiVAI-3'-ind-,fut_int,wî,future intentional,nitawi,good at,nitawi,apiVAI,api,VAI,sit,3',John's son(s),John okosisa,ind,Independent,
3,wînitawimîcisoyiwa,3-fut_int-nitawi-mîcisoVAI-3'-ind-,fut_int,wî,future intentional,nitawi,good at,nitawi,mîcisoVAI,mîciso,VAI,eat,3',John's son(s),John okosisa,ind,Independent,
3,wîpehapiyiwa,3-fut_int-pe-apiVAI-3'-ind-,fut_int,wî,future intentional,pe,come and,pe,apiVAI,api,VAI,sit,3',John's son(s),John okosisa,ind,Independent,
3,wîpemîcisoyiwa,3-fut_int-pe-mîcisoVAI-3'-ind-,fut_int,wî,future intentional,pe,come and,pe,mîcisoVAI,mîciso,VAI,eat,3',John's son(s),John okosisa,ind,Independent,
3,wîhapiyiwa,3-fut_int-NONE-apiVAI-3'-ind-,fut_int,wî,future intentional,NONE,no preverb,mahkikway preverb,apiVAI,api,VAI,sit,3',John's son(s),John okosisa,ind,Independent,
3,wîmîcisoyiwa,3-fut_int-NONE-mîcisoVAI-3'-ind-,fut_int,wî,future intentional,NONE,no preverb,mahkikway preverb,mîcisoVAI,mîciso,VAI,eat,3',John's son(s),John okosisa,ind,Independent,
3,kîhatihapiyiwa,3-pst-ati-apiVAI-3'-ind-,pst,kî,past,ati,begin to,ati,apiVAI,api,VAI,sit,3',John's son(s),John okosisa,ind,Independent,
3,kîhatimîcisoyiwa,3-pst-ati-mîcisoVAI-3'-ind-,pst,kî,past,ati,begin to,ati,mîcisoVAI,mîciso,VAI,eat,3',John's son(s),John okosisa,ind,Independent,
3,kînitawihapiyiwa,3-pst-nitawi-apiVAI-3'-ind-,pst,kî,past,nitawi,good at,nitawi,apiVAI,api,VAI,sit,3',John's son(s),John okosisa,ind,Independent,
3,kînitawimîcisoyiwa,3-pst-nitawi-mîcisoVAI-3'-ind-,pst,kî,past,nitawi,good at,nitawi,mîcisoVAI,mîciso,VAI,eat,3',John's son(s),John okosisa,ind,Independent,
3,kîpehapiyiwa,3-pst-pe-apiVAI-3'-ind-,pst,kî,past,pe,come and,pe,apiVAI,api,VAI,sit,3',John's son(s),John okosisa,ind,Independent,
3,kîpemîcisoyiwa,3-pst-pe-mîcisoVAI-3'-ind-,pst,kî,past,pe,come and,pe,mîcisoVAI,mîciso,VAI,eat,3',John's son(s),John okosisa,ind,Independent,
3,kîhapiyiwa,3-pst-NONE-apiVAI-3'-ind-,pst,kî,past,NONE,no preverb,mahkikway preverb,apiVAI,api,VAI,sit,3',John's son(s),John okosisa,ind,Independent,
3,kîmîcisoyiwa,3-pst-NONE-mîcisoVAI-3'-ind-,pst,kî,past,NONE,no preverb,mahkikway preverb,mîcisoVAI,mîciso,VAI,eat,3',John's son(s),John okosisa,ind,Independent,
3,atihapiyiwa,3-prs-ati-apiVAI-3'-ind-,prs,,present,ati,begin to,ati,apiVAI,api,VAI,sit,3',John's son(s),John okosisa,ind,Independent,
3,atimîcisoyiwa,3-prs-ati-mîcisoVAI-3'-ind-,prs,,present,ati,begin to,ati,mîcisoVAI,mîciso,VAI,eat,3',John's son(s),John okosisa,ind,Independent,
3,nitawihapiyiwa,3-prs-nitawi-apiVAI-3'-ind-,prs,,present,nitawi,good at,nitawi,apiVAI,api,VAI,sit,3',John's son(s),John okosisa,ind,Independent,
3,nitawimîcisoyiwa,3-prs-nitawi-mîcisoVAI-3'-ind-,prs,,present,nitawi,good at,nitawi,mîcisoVAI,mîciso,VAI,eat,3',John's son(s),John okosisa,ind,Independent,
3,pehapiyiwa,3-prs-pe-apiVAI-3'-ind-,prs,,present,pe,come and,pe,apiVAI,api,VAI,sit,3',John's son(s),John okosisa,ind,Independent,
3,pemîcisoyiwa,3-prs-pe-mîcisoVAI-3'-ind-,prs,,present,pe,come and,pe,mîcisoVAI,mîciso,VAI,eat,3',John's son(s),John okosisa,ind,Independent,
3,apiyiwa,3-prs-NONE-apiVAI-3'-ind-,prs,,present,NONE,no preverb,mahkikway preverb,apiVAI,api,VAI,sit,3',John's son(s),John okosisa,ind,Independent,
3,mîcisoyiwa,3-prs-NONE-mîcisoVAI-3'-ind-,prs,,present,NONE,no preverb,mahkikway preverb,mîcisoVAI,mîciso,VAI,eat,3',John's son(s),John okosisa,ind,Independent,
3,kahatihapiwak,3-fut_def-ati-apiVAI-3PL-ind-,fut_def,ka,future definite,ati,begin to,ati,apiVAI,api,VAI,sit,3PL,they,wiyawaw,ind,Independent,
3,kahatimîcisowak,3-fut_def-ati-mîcisoVAI-3PL-ind-,fut_def,ka,future definite,ati,begin to,ati,mîcisoVAI,mîciso,VAI,eat,3PL,they,wiyawaw,ind,Independent,
3,kanitawihapiwak,3-fut_def-nitawi-apiVAI-3PL-ind-,fut_def,ka,future definite,nitawi,good at,nitawi,apiVAI,api,VAI,sit,3PL,they,wiyawaw,ind,Independent,
3,kanitawimîcisowak,3-fut_def-nitawi-mîcisoVAI-3PL-ind-,fut_def,ka,future definite,nitawi,good at,nitawi,mîcisoVAI,mîciso,VAI,eat,3PL,they,wiyawaw,ind,Independent,
3,kapehapiwak,3-fut_def-pe-apiVAI-3PL-ind-,fut_def,ka,future definite,pe,come and,pe,apiVAI,api,VAI,sit,3PL,they,wiyawaw,ind,Independent,
3,kapemîcisowak,3-fut_def-pe-mîcisoVAI-3PL-ind-,fut_def,ka,future definite,pe,come and,pe,mîcisoVAI,mîciso,VAI,eat,3PL,they,wiyawaw,ind,Independent,
3,kahapiwak,3-fut_def-NONE-apiVAI-3PL-ind-,fut_def,ka,future definite,NONE,no preverb,mahkikway preverb,apiVAI,api,VAI,sit,3PL,they,wiyawaw,ind,Independent,
3,kamîcisowak,3-fut_def-NONE-mîcisoVAI-3PL-ind-,fut_def,ka,future definite,NONE,no preverb,mahkikway preverb,mîcisoVAI,mîciso,VAI,eat,3PL,they,wiyawaw,ind,Independent,
3,wîhatihapiwak,3-fut_int-ati-apiVAI-3PL-ind-,fut_int,wî,future intentional,ati,begin to,ati,apiVAI,api,VAI,sit,3PL,they,wiyawaw,ind,Independent,
3,wîhatimîcisowak,3-fut_int-ati-mîcisoVAI-3PL-ind-,fut_int,wî,future intentional,ati,begin to,ati,mîcisoVAI,mîciso,VAI,eat,3PL,they,wiyawaw,ind,Independent,
3,wînitawihapiwak,3-fut_int-nitawi-apiVAI-3PL-ind-,fut_int,wî,future intentional,nitawi,good at,nitawi,apiVAI,api,VAI,sit,3PL,they,wiyawaw,ind,Independent,
3,wînitawimîcisowak,3-fut_int-nitawi-mîcisoVAI-3PL-ind-,fut_int,wî,future intentional,nitawi,good at,nitawi,mîcisoVAI,mîciso,VAI,eat,3PL,they,wiyawaw,ind,Independent,
3,wîpehapiwak,3-fut_int-pe-apiVAI-3PL-ind-,fut_int,wî,future intentional,pe,come and,pe,apiVAI,api,VAI,sit,3PL,they,wiyawaw,ind,Independent,
3,wîpemîcisowak,3-fut_int-pe-mîcisoVAI-3PL-ind-,fut_int,wî,future intentional,pe,come and,pe,mîcisoVAI,mîciso,VAI,eat,3PL,they,wiyawaw,ind,Independent,
3,wîhapiwak,3-fut_int-NONE-apiVAI-3PL-ind-,fut_int,wî,future intentional,NONE,no preverb,mahkikway preverb,apiVAI,api,VAI,sit,3PL,they,wiyawaw,ind,Independent,
3,wîmîcisowak,3-fut_int-NONE-mîcisoVAI-3PL-ind-,fut_int,wî,future intentional,NONE,no preverb,mahkikway preverb,mîcisoVAI,mîciso,VAI,eat,3PL,they,wiyawaw,ind,Independent,
3,kîhatihapiwak,3-pst-ati-apiVAI-3PL-ind-,pst,kî,past,ati,begin to,ati,apiVAI,api,VAI,sit,3PL,they,wiyawaw,ind,Independent,
3,kîhatimîcisowak,3-pst-ati-mîcisoVAI-3PL-ind-,pst,kî,past,ati,begin to,ati,mîcisoVAI,mîciso,VAI,eat,3PL,they,wiyawaw,ind,Independent,
3,kînitawihapiwak,3-pst-nitawi-apiVAI-3PL-ind-,pst,kî,past,nitawi,good at,nitawi,apiVAI,api,VAI,sit,3PL,they,wiyawaw,ind,Independent,
3,kînitawimîcisowak,3-pst-nitawi-mîcisoVAI-3PL-ind-,pst,kî,past,nitawi,good at,nitawi,mîcisoVAI,mîciso,VAI,eat,3PL,they,wiyawaw,ind,Independent,
3,kîpehapiwak,3-pst-pe-apiVAI-3PL-ind-,pst,kî,past,pe,come and,pe,apiVAI,api,VAI,sit,3PL,they,wiyawaw,ind,Independent,
3,kîpemîcisowak,3-pst-pe-mîcisoVAI-3PL-ind-,pst,kî,past,pe,come and,pe,mîcisoVAI,mîciso,VAI,eat,3PL,they,wiyawaw,ind,Independent,
3,kîhapiwak,3-pst-NONE-apiVAI-3PL-ind-,pst,kî,past,NONE,no preverb,mahkikway preverb,apiVAI,api,VAI,sit,3PL,they,wiyawaw,ind,Independent,
3,kîmîcisowak,3-pst-NONE-mîcisoVAI-3PL-ind-,pst,kî,past,NONE,no preverb,mahkikway preverb,mîcisoVAI,mîciso,VAI,eat,3PL,they,wiyawaw,ind,Independent,
3,atihapiwak,3-prs-ati-apiVAI-3PL-ind-,prs,,present,ati,begin to,ati,apiVAI,api,VAI,sit,3PL,they,wiyawaw,ind,Independent,
3,atimîcisowak,3-prs-ati-mîcisoVAI-3PL-ind-,prs,,present,ati,begin to,ati,mîcisoVAI,mîciso,VAI,eat,3PL,they,wiyawaw,ind,Independent,
3,nitawihapiwak,3-prs-nitawi-apiVAI-3PL-ind-,prs,,present,nitawi,good at,nitawi,apiVAI,api,VAI,sit,3PL,they,wiyawaw,ind,Independent,
3,nitawimîcisowak,3-prs-nitawi-mîcisoVAI-3PL-ind-,prs,,present,nitawi,good at,nitawi,mîcisoVAI,mîciso,VAI,eat,3PL,they,wiyawaw,ind,Independent,
3,pehapiwak,3-prs-pe-apiVAI-3PL-ind-,prs,,present,pe,come and,pe,apiVAI,api,VAI,sit,3PL,they,wiyawaw,ind,Independent,
3,pemîcisowak,3-prs-pe-mîcisoVAI-3PL-ind-,prs,,present,pe,come and,pe,mîcisoVAI,mîciso,VAI,eat,3PL,they,wiyawaw,ind,Independent,
3,apiwak,3-prs-NONE-apiVAI-3PL-ind-,prs,,present,NONE,no preverb,mahkikway preverb,apiVAI,api,VAI,sit,3PL,they,wiyawaw,ind,Independent,
3,mîcisowak,3-prs-NONE-mîcisoVAI-3PL-ind-,prs,,present,NONE,no preverb,mahkikway preverb,mîcisoVAI,mîciso,VAI,eat,3PL,they,wiyawaw,ind,Independent,
3,kahatihapiw,3-fut_def-ati-apiVAI-3SG-ind-,fut_def,ka,future definite,ati,begin to,ati,apiVAI,api,VAI,sit,3SG,s/he,wiya,ind,Independent,
3,kahatimîcisow,3-fut_def-ati-mîcisoVAI-3SG-ind-,fut_def,ka,future definite,ati,begin to,ati,mîcisoVAI,mîciso,VAI,eat,3SG,s/he,wiya,ind,Independent,
3,kanitawihapiw,3-fut_def-nitawi-apiVAI-3SG-ind-,fut_def,ka,future definite,nitawi,good at,nitawi,apiVAI,api,VAI,sit,3SG,s/he,wiya,ind,Independent,
3,kanitawimîcisow,3-fut_def-nitawi-mîcisoVAI-3SG-ind-,fut_def,ka,future definite,nitawi,good at,nitawi,mîcisoVAI,mîciso,VAI,eat,3SG,s/he,wiya,ind,Independent,
3,kapehapiw,3-fut_def-pe-apiVAI-3SG-ind-,fut_def,ka,future definite,pe,come and,pe,apiVAI,api,VAI,sit,3SG,s/he,wiya,ind,Independent,
3,kapemîcisow,3-fut_def-pe-mîcisoVAI-3SG-ind-,fut_def,ka,future definite,pe,come and,pe,mîcisoVAI,mîciso,VAI,eat,3SG,s/he,wiya,ind,Independent,
3,kahapiw,3-fut_def-NONE-apiVAI-3SG-ind-,fut_def,ka,future definite,NONE,no preverb,mahkikway preverb,apiVAI,api,VAI,sit,3SG,s/he,wiya,ind,Independent,
3,kamîcisow,3-fut_def-NONE-mîcisoVAI-3SG-ind-,fut_def,ka,future definite,NONE,no preverb,mahkikway preverb,mîcisoVAI,mîciso,VAI,eat,3SG,s/he,wiya,ind,Independent,
3,wîhatihapiw,3-fut_int-ati-apiVAI-3SG-ind-,fut_int,wî,future intentional,ati,begin to,ati,apiVAI,api,VAI,sit,3SG,s/he,wiya,ind,Independent,
3,wîhatimîcisow,3-fut_int-ati-mîcisoVAI-3SG-ind-,fut_int,wî,future intentional,ati,begin to,ati,mîcisoVAI,mîciso,VAI,eat,3SG,s/he,wiya,ind,Independent,
3,wînitawihapiw,3-fut_int-nitawi-apiVAI-3SG-ind-,fut_int,wî,future intentional,nitawi,good at,nitawi,apiVAI,api,VAI,sit,3SG,s/he,wiya,ind,Independent,
3,wînitawimîcisow,3-fut_int-nitawi-mîcisoVAI-3SG-ind-,fut_int,wî,future intentional,nitawi,good at,nitawi,mîcisoVAI,mîciso,VAI,eat,3SG,s/he,wiya,ind,Independent,
3,wîpehapiw,3-fut_int-pe-apiVAI-3SG-ind-,fut_int,wî,future intentional,pe,come and,pe,apiVAI,api,VAI,sit,3SG,s/he,wiya,ind,Independent,
3,wîpemîcisow,3-fut_int-pe-mîcisoVAI-3SG-ind-,fut_int,wî,future intentional,pe,come and,pe,mîcisoVAI,mîciso,VAI,eat,3SG,s/he,wiya,ind,Independent,
3,wîhapiw,3-fut_int-NONE-apiVAI-3SG-ind-,fut_int,wî,future intentional,NONE,no preverb,mahkikway preverb,apiVAI,api,VAI,sit,3SG,s/he,wiya,ind,Independent,
3,wîmîcisow,3-fut_int-NONE-mîcisoVAI-3SG-ind-,fut_int,wî,future intentional,NONE,no preverb,mahkikway preverb,mîcisoVAI,mîciso,VAI,eat,3SG,s/he,wiya,ind,Independent,
3,kîhatihapiw,3-pst-ati-apiVAI-3SG-ind-,pst,kî,past,ati,begin to,ati,apiVAI,api,VAI,sit,3SG,s/he,wiya,ind,Independent,
3,kîhatimîcisow,3-pst-ati-mîcisoVAI-3SG-ind-,pst,kî,past,ati,begin to,ati,mîcisoVAI,mîciso,VAI,eat,3SG,s/he,wiya,ind,Independent,
3,kînitawihapiw,3-pst-nitawi-apiVAI-3SG-ind-,pst,kî,past,nitawi,good at,nitawi,apiVAI,api,VAI,sit,3SG,s/he,wiya,ind,Independent,
3,kînitawimîcisow,3-pst-nitawi-mîcisoVAI-3SG-ind-,pst,kî,past,nitawi,good at,nitawi,mîcisoVAI,mîciso,VAI,eat,3SG,s/he,wiya,ind,Independent,
3,kîpehapiw,3-pst-pe-apiVAI-3SG-ind-,pst,kî,past,pe,come and,pe,apiVAI,api,VAI,sit,3SG,s/he,wiya,ind,Independent,
3,kîpemîcisow,3-pst-pe-mîcisoVAI-3SG-ind-,pst,kî,past,pe,come and,pe,mîcisoVAI,mîciso,VAI,eat,3SG,s/he,wiya,ind,Independent,
3,kîhapiw,3-pst-NONE-apiVAI-3SG-ind-,pst,kî,past,NONE,no preverb,mahkikway preverb,apiVAI,api,VAI,sit,3SG,s/he,wiya,ind,Independent,
3,kîmîcisow,3-pst-NONE-mîcisoVAI-3SG-ind-,pst,kî,past,NONE,no preverb,mahkikway preverb,mîcisoVAI,mîciso,VAI,eat,3SG,s/he,wiya,ind,Independent,
3,atihapiw,3-prs-ati-apiVAI-3SG-ind-,prs,,present,ati,begin to,ati,apiVAI,api,VAI,sit,3SG,s/he,wiya,ind,Independent,
3,atimîcisow,3-prs-ati-mîcisoVAI-3SG-ind-,prs,,present,ati,begin to,ati,mîcisoVAI,mîciso,VAI,eat,3SG,s/he,wiya,ind,Independent,
3,nitawihapiw,3-prs-nitawi-apiVAI-3SG-ind-,prs,,present,nitawi,good at,nitawi,apiVAI,api,VAI,sit,3SG,s/he,wiya,ind,Independent,
3,nitawimîcisow,3-prs-nitawi-mîcisoVAI-3SG-ind-,prs,,present,nitawi,good at,nitawi,mîcisoVAI,mîciso,VAI,eat,3SG,s/he,wiya,ind,Independent,
3,pehapiw,3-prs-pe-apiVAI-3SG-ind-,prs,,present,pe,come and,pe,apiVAI,api,VAI,sit,3SG,s/he,wiya,ind,Independent,
3,pemîcisow,3-prs-pe-mîcisoVAI-3SG-ind-,prs,,present,pe,come and,pe,mîcisoVAI,mîciso,VAI,eat,3SG,s/he,wiya,ind,Independent,
3,apiw,3-prs-NONE-apiVAI-3SG-ind-,prs,,present,NONE,no preverb,mahkikway preverb,apiVAI,api,VAI,sit,3SG,s/he,wiya,ind,Independent,
3,mîcisow,3-prs-NONE-mîcisoVAI-3SG-ind-,prs,,present,NONE,no preverb,mahkikway preverb,mîcisoVAI,mîciso,VAI,eat,3SG,s/he,wiya,ind,Independent,
2,kikahatihapinâwâw,2-fut_def-ati-apiVAI-2PL-ind-,fut_def,ka,future definite,ati,begin to,ati,apiVAI,api,VAI,sit,2PL,you all,kiyanawaw,ind,Independent,
2,kikahatihapinaw,2-fut_def-ati-apiVAI-2I-ind-,fut_def,ka,future definite,ati,begin to,ati,apiVAI,api,VAI,sit,2I,we (and you),kiyanaw,ind,Independent,
2,kikahatimîcisonâwâw,2-fut_def-ati-mîcisoVAI-2PL-ind-,fut_def,ka,future definite,ati,begin to,ati,mîcisoVAI,mîciso,VAI,eat,2PL,you all,kiyanawaw,ind,Independent,
2,kikahatimîcisonaw,2-fut_def-ati-mîcisoVAI-2I-ind-,fut_def,ka,future definite,ati,begin to,ati,mîcisoVAI,mîciso,VAI,eat,2I,we (and you),kiyanaw,ind,Independent,
2,kikanitawihapinâwâw,2-fut_def-nitawi-apiVAI-2PL-ind-,fut_def,ka,future definite,nitawi,good at,nitawi,apiVAI,api,VAI,sit,2PL,you all,kiyanawaw,ind,Independent,
2,kikanitawihapinaw,2-fut_def-nitawi-apiVAI-2I-ind-,fut_def,ka,future definite,nitawi,good at,nitawi,apiVAI,api,VAI,sit,2I,we (and you),kiyanaw,ind,Independent,
2,kikanitawimîcisonâwâw,2-fut_def-nitawi-mîcisoVAI-2PL-ind-,fut_def,ka,future definite,nitawi,good at,nitawi,mîcisoVAI,mîciso,VAI,eat,2PL,you all,kiyanawaw,ind,Independent,
2,kikanitawimîcisonaw,2-fut_def-nitawi-mîcisoVAI-2I-ind-,fut_def,ka,future definite,nitawi,good at,nitawi,mîcisoVAI,mîciso,VAI,eat,2I,we (and you),kiyanaw,ind,Independent,
2,kikapehapinâwâw,2-fut_def-pe-apiVAI-2PL-ind-,fut_def,ka,future definite,pe,come and,pe,apiVAI,api,VAI,sit,2PL,you all,kiyanawaw,ind,Independent,
2,kikapehapinaw,2-fut_def-pe-apiVAI-2I-ind-,fut_def,ka,future definite,pe,come and,pe,apiVAI,api,VAI,sit,2I,we (and you),kiyanaw,ind,Independent,
2,kikapemîcisonâwâw,2-fut_def-pe-mîcisoVAI-2PL-ind-,fut_def,ka,future definite,pe,come and,pe,mîcisoVAI,mîciso,VAI,eat,2PL,you all,kiyanawaw,ind,Independent,
2,kikapemîcisonaw,2-fut_def-pe-mîcisoVAI-2I-ind-,fut_def,ka,future definite,pe,come and,pe,mîcisoVAI,mîciso,VAI,eat,2I,we (and you),kiyanaw,ind,Independent,
2,kikahapinâwâw,2-fut_def-NONE-apiVAI-2PL-ind-,fut_def,ka,future definite,NONE,no preverb,mahkikway preverb,apiVAI,api,VAI,sit,2PL,you all,kiyanawaw,ind,Independent,
2,kikahapinaw,2-fut_def-NONE-apiVAI-2I-ind-,fut_def,ka,future definite,NONE,no preverb,mahkikway preverb,apiVAI,api,VAI,sit,2I,we (and you),kiyanaw,ind,Independent,
2,kikamîcisonâwâw,2-fut_def-NONE-mîcisoVAI-2PL-ind-,fut_def,ka,future definite,NONE,no preverb,mahkikway preverb,mîcisoVAI,mîciso,VAI,eat,2PL,you all,kiyanawaw,ind,Independent,
2,kikamîcisonaw,2-fut_def-NONE-mîcisoVAI-2I-ind-,fut_def,ka,future definite,NONE,no preverb,mahkikway preverb,mîcisoVAI,mîciso,VAI,eat,2I,we (and you),kiyanaw,ind,Independent,
2,kiwîhatihapinâwâw,2-fut_int-ati-apiVAI-2PL-ind-,fut_int,wî,future intentional,ati,begin to,ati,apiVAI,api,VAI,sit,2PL,you all,kiyanawaw,ind,Independent,
2,kiwîhatihapinaw,2-fut_int-ati-apiVAI-2I-ind-,fut_int,wî,future intentional,ati,begin to,ati,apiVAI,api,VAI,sit,2I,we (and you),kiyanaw,ind,Independent,
2,kiwîhatimîcisonâwâw,2-fut_int-ati-mîcisoVAI-2PL-ind-,fut_int,wî,future intentional,ati,begin to,ati,mîcisoVAI,mîciso,VAI,eat,2PL,you all,kiyanawaw,ind,Independent,
2,kiwîhatimîcisonaw,2-fut_int-ati-mîcisoVAI-2I-ind-,fut_int,wî,future intentional,ati,begin to,ati,mîcisoVAI,mîciso,VAI,eat,2I,we (and you),kiyanaw,ind,Independent,
2,kiwînitawihapinâwâw,2-fut_int-nitawi-apiVAI-2PL-ind-,fut_int,wî,future intentional,nitawi,good at,nitawi,apiVAI,api,VAI,sit,2PL,you all,kiyanawaw,ind,Independent,
2,kiwînitawihapinaw,2-fut_int-nitawi-apiVAI-2I-ind-,fut_int,wî,future intentional,nitawi,good at,nitawi,apiVAI,api,VAI,sit,2I,we (and you),kiyanaw,ind,Independent,
2,kiwînitawimîcisonâwâw,2-fut_int-nitawi-mîcisoVAI-2PL-ind-,fut_int,wî,future intentional,nitawi,good at,nitawi,mîcisoVAI,mîciso,VAI,eat,2PL,you all,kiyanawaw,ind,Independent,
2,kiwînitawimîcisonaw,2-fut_int-nitawi-mîcisoVAI-2I-ind-,fut_int,wî,future intentional,nitawi,good at,nitawi,mîcisoVAI,mîciso,VAI,eat,2I,we (and you),kiyanaw,ind,Independent,
2,kiwîpehapinâwâw,2-fut_int-pe-apiVAI-2PL-ind-,fut_int,wî,future intentional,pe,come and,pe,apiVAI,api,VAI,sit,2PL,you all,kiyanawaw,ind,Independent,
2,kiwîpehapinaw,2-fut_int-pe-apiVAI-2I-ind-,fut_int,wî,future intentional,pe,come and,pe,apiVAI,api,VAI,sit,2I,we (and you),kiyanaw,ind,Independent,
2,kiwîpemîcisonâwâw,2-fut_int-pe-mîcisoVAI-2PL-ind-,fut_int,wî,future intentional,pe,come and,pe,mîcisoVAI,mîciso,VAI,eat,2PL,you all,kiyanawaw,ind,Independent,
2,kiwîpemîcisonaw,2-fut_int-pe-mîcisoVAI-2I-ind-,fut_int,wî,future intentional,pe,come and,pe,mîcisoVAI,mîciso,VAI,eat,2I,we (and you),kiyanaw,ind,Independent,
2,kiwîhapinâwâw,2-fut_int-NONE-apiVAI-2PL-ind-,fut_int,wî,future intentional,NONE,no preverb,mahkikway preverb,apiVAI,api,VAI,sit,2PL,you all,kiyanawaw,ind,Independent,
2,kiwîhapinaw,2-fut_int-NONE-apiVAI-2I-ind-,fut_int,wî,future intentional,NONE,no preverb,mahkikway preverb,apiVAI,api,VAI,sit,2I,we (and you),kiyanaw,ind,Independent,
2,kiwîmîcisonâwâw,2-fut_int-NONE-mîcisoVAI-2PL-ind-,fut_int,wî,future intentional,NONE,no preverb,mahkikway preverb,mîcisoVAI,mîciso,VAI,eat,2PL,you all,kiyanawaw,ind,Independent,
2,kiwîmîcisonaw,2-fut_int-NONE-mîcisoVAI-2I-ind-,fut_int,wî,future intentional,NONE,no preverb,mahkikway preverb,mîcisoVAI,mîciso,VAI,eat,2I,we (and you),kiyanaw,ind,Independent,
2,kikîhatihapinâwâw,2-pst-ati-apiVAI-2PL-ind-,pst,kî,past,ati,begin to,ati,apiVAI,api,VAI,sit,2PL,you all,kiyanawaw,ind,Independent,
2,kikîhatihapinaw,2-pst-ati-apiVAI-2I-ind-,pst,kî,past,ati,begin to,ati,apiVAI,api,VAI,sit,2I,we (and you),kiyanaw,ind,Independent,
2,kikîhatimîcisonâwâw,2-pst-ati-mîcisoVAI-2PL-ind-,pst,kî,past,ati,begin to,ati,mîcisoVAI,mîciso,VAI,eat,2PL,you all,kiyanawaw,ind,Independent,
2,kikîhatimîcisonaw,2-pst-ati-mîcisoVAI-2I-ind-,pst,kî,past,ati,begin to,ati,mîcisoVAI,mîciso,VAI,eat,2I,we (and you),kiyanaw,ind,Independent,
2,kikînitawihapinâwâw,2-pst-nitawi-apiVAI-2PL-ind-,pst,kî,past,nitawi,good at,nitawi,apiVAI,api,VAI,sit,2PL,you all,kiyanawaw,ind,Independent,
2,kikînitawihapinaw,2-pst-nitawi-apiVAI-2I-ind-,pst,kî,past,nitawi,good at,nitawi,apiVAI,api,VAI,sit,2I,we (and you),kiyanaw,ind,Independent,
2,kikînitawimîcisonâwâw,2-pst-nitawi-mîcisoVAI-2PL-ind-,pst,kî,past,nitawi,good at,nitawi,mîcisoVAI,mîciso,VAI,eat,2PL,you all,kiyanawaw,ind,Independent,
2,kikînitawimîcisonaw,2-pst-nitawi-mîcisoVAI-2I-ind-,pst,kî,past,nitawi,good at,nitawi,mîcisoVAI,mîciso,VAI,eat,2I,we (and you),kiyanaw,ind,Independent,
2,kikîpehapinâwâw,2-pst-pe-apiVAI-2PL-ind-,pst,kî,past,pe,come and,pe,apiVAI,api,VAI,sit,2PL,you all,kiyanawaw,ind,Independent,
2,kikîpehapinaw,2-pst-pe-apiVAI-2I-ind-,pst,kî,past,pe,come and,pe,apiVAI,api,VAI,sit,2I,we (and you),kiyanaw,ind,Independent,
2,kikîpemîcisonâwâw,2-pst-pe-mîcisoVAI-2PL-ind-,pst,kî,past,pe,come and,pe,mîcisoVAI,mîciso,VAI,eat,2PL,you all,kiyanawaw,ind,Independent,
2,kikîpemîcisonaw,2-pst-pe-mîcisoVAI-2I-ind-,pst,kî,past,pe,come and,pe,mîcisoVAI,mîciso,VAI,eat,2I,we (and you),kiyanaw,ind,Independent,
2,kikîhapinâwâw,2-pst-NONE-apiVAI-2PL-ind-,pst,kî,past,NONE,no preverb,mahkikway preverb,apiVAI,api,VAI,sit,2PL,you all,kiyanawaw,ind,Independent,
2,kikîhapinaw,2-pst-NONE-apiVAI-2I-ind-,pst,kî,past,NONE,no preverb,mahkikway preverb,apiVAI,api,VAI,sit,2I,we (and you),kiyanaw,ind,Independent,
2,kikîmîcisonâwâw,2-pst-NONE-mîcisoVAI-2PL-ind-,pst,kî,past,NONE,no preverb,mahkikway preverb,mîcisoVAI,mîciso,VAI,eat,2PL,you all,kiyanawaw,ind,Independent,
2,kikîmîcisonaw,2-pst-NONE-mîcisoVAI-2I-ind-,pst,kî,past,NONE,no preverb,mahkikway preverb,mîcisoVAI,mîciso,VAI,eat,2I,we (and you),kiyanaw,ind,Independent,
2,kihatihapinâwâw,2-prs-ati-apiVAI-2PL-ind-,prs,,present,ati,begin to,ati,apiVAI,api,VAI,sit,2PL,you all,kiyanawaw,ind,Independent,
2,kihatihapinaw,2-prs-ati-apiVAI-2I-ind-,prs,,present,ati,begin to,ati,apiVAI,api,VAI,sit,2I,we (and you),kiyanaw,ind,Independent,
2,kihatimîcisonâwâw,2-prs-ati-mîcisoVAI-2PL-ind-,prs,,present,ati,begin to,ati,mîcisoVAI,mîciso,VAI,eat,2PL,you all,kiyanawaw,ind,Independent,
2,kihatimîcisonaw,2-prs-ati-mîcisoVAI-2I-ind-,prs,,present,ati,begin to,ati,mîcisoVAI,mîciso,VAI,eat,2I,we (and you),kiyanaw,ind,Independent,
2,kinitawihapinâwâw,2-prs-nitawi-apiVAI-2PL-ind-,prs,,present,nitawi,good at,nitawi,apiVAI,api,VAI,sit,2PL,you all,kiyanawaw,ind,Independent,
2,kinitawihapinaw,2-prs-nitawi-apiVAI-2I-ind-,prs,,present,nitawi,good at,nitawi,apiVAI,api,VAI,sit,2I,we (and you),kiyanaw,ind,Independent,
2,kinitawimîcisonâwâw,2-prs-nitawi-mîcisoVAI-2PL-ind-,prs,,present,nitawi,good at,nitawi,mîcisoVAI,mîciso,VAI,eat,2PL,you all,kiyanawaw,ind,Independent,
2,kinitawimîcisonaw,2-prs-nitawi-mîcisoVAI-2I-ind-,prs,,present,nitawi,good at,nitawi,mîcisoVAI,mîciso,VAI,eat,2I,we (and you),kiyanaw,ind,Independent,
2,kipehapinâwâw,2-prs-pe-apiVAI-2PL-ind-,prs,,present,pe,come and,pe,apiVAI,api,VAI,sit,2PL,you all,kiyanawaw,ind,Independent,
2,kipehapinaw,2-prs-pe-apiVAI-2I-ind-,prs,,present,pe,come and,pe,apiVAI,api,VAI,sit,2I,we (and you),kiyanaw,ind,Independent,
2,kipemîcisonâwâw,2-prs-pe-mîcisoVAI-2PL-ind-,prs,,present,pe,come and,pe,mîcisoVAI,mîciso,VAI,eat,2PL,you all,kiyanawaw,ind,Independent,
2,kipemîcisonaw,2-prs-pe-mîcisoVAI-2I-ind-,prs,,present,pe,come and,pe,mîcisoVAI,mîciso,VAI,eat,2I,we (and you),kiyanaw,ind,Independent,
2,kitapinâwâw,2-prs-NONE-apiVAI-2PL-ind-,prs,,present,NONE,no preverb,mahkikway preverb,apiVAI,api,VAI,sit,2PL,you all,kiyanawaw,ind,Independent,
2,kitapinaw,2-prs-NONE-apiVAI-2I-ind-,prs,,present,NONE,no preverb,mahkikway preverb,apiVAI,api,VAI,sit,2I,we (and you),kiyanaw,ind,Independent,
2,kimîcisonâwâw,2-prs-NONE-mîcisoVAI-2PL-ind-,prs,,present,NONE,no preverb,mahkikway preverb,mîcisoVAI,mîciso,VAI,eat,2PL,you all,kiyanawaw,ind,Independent,
2,kimîcisonaw,2-prs-NONE-mîcisoVAI-2I-ind-,prs,,present,NONE,no preverb,mahkikway preverb,mîcisoVAI,mîciso,VAI,eat,2I,we (and you),kiyanaw,ind,Independent,
2,kikahatihapin,2-fut_def-ati-apiVAI-2SG-ind-,fut_def,ka,future definite,ati,begin to,ati,apiVAI,api,VAI,sit,2SG,you,kiya,ind,Independent,
2,kikahatimîcison,2-fut_def-ati-mîcisoVAI-2SG-ind-,fut_def,ka,future definite,ati,begin to,ati,mîcisoVAI,mîciso,VAI,eat,2SG,you,kiya,ind,Independent,
2,kikanitawihapin,2-fut_def-nitawi-apiVAI-2SG-ind-,fut_def,ka,future definite,nitawi,good at,nitawi,apiVAI,api,VAI,sit,2SG,you,kiya,ind,Independent,
2,kikanitawimîcison,2-fut_def-nitawi-mîcisoVAI-2SG-ind-,fut_def,ka,future definite,nitawi,good at,nitawi,mîcisoVAI,mîciso,VAI,eat,2SG,you,kiya,ind,Independent,
2,kikapehapin,2-fut_def-pe-apiVAI-2SG-ind-,fut_def,ka,future definite,pe,come and,pe,apiVAI,api,VAI,sit,2SG,you,kiya,ind,Independent,
2,kikapemîcison,2-fut_def-pe-mîcisoVAI-2SG-ind-,fut_def,ka,future definite,pe,come and,pe,mîcisoVAI,mîciso,VAI,eat,2SG,you,kiya,ind,Independent,
2,kikahapin,2-fut_def-NONE-apiVAI-2SG-ind-,fut_def,ka,future definite,NONE,no preverb,mahkikway preverb,apiVAI,api,VAI,sit,2SG,you,kiya,ind,Independent,
2,kikamîcison,2-fut_def-NONE-mîcisoVAI-2SG-ind-,fut_def,ka,future definite,NONE,no preverb,mahkikway preverb,mîcisoVAI,mîciso,VAI,eat,2SG,you,kiya,ind,Independent,
2,kiwîhatihapin,2-fut_int-ati-apiVAI-2SG-ind-,fut_int,wî,future intentional,ati,begin to,ati,apiVAI,api,VAI,sit,2SG,you,kiya,ind,Independent,
2,kiwîhatimîcison,2-fut_int-ati-mîcisoVAI-2SG-ind-,fut_int,wî,future intentional,ati,begin to,ati,mîcisoVAI,mîciso,VAI,eat,2SG,you,kiya,ind,Independent,
2,kiwînitawihapin,2-fut_int-nitawi-apiVAI-2SG-ind-,fut_int,wî,future intentional,nitawi,good at,nitawi,apiVAI,api,VAI,sit,2SG,you,kiya,ind,Independent,
2,kiwînitawimîcison,2-fut_int-nitawi-mîcisoVAI-2SG-ind-,fut_int,wî,future intentional,nitawi,good at,nitawi,mîcisoVAI,mîciso,VAI,eat,2SG,you,kiya,ind,Independent,
2,kiwîpehapin,2-fut_int-pe-apiVAI-2SG-ind-,fut_int,wî,future intentional,pe,come and,pe,apiVAI,api,VAI,sit,2SG,you,kiya,ind,Independent,
2,kiwîpemîcison,2-fut_int-pe-mîcisoVAI-2SG-ind-,fut_int,wî,future intentional,pe,come and,pe,mîcisoVAI,mîciso,VAI,eat,2SG,you,kiya,ind,Independent,
2,kiwîhapin,2-fut_int-NONE-apiVAI-2SG-ind-,fut_int,wî,future intentional,NONE,no preverb,mahkikway preverb,apiVAI,api,VAI,sit,2SG,you,kiya,ind,Independent,
2,kiwîmîcison,2-fut_int-NONE-mîcisoVAI-2SG-ind-,fut_int,wî,future intentional,NONE,no preverb,mahkikway preverb,mîcisoVAI,mîciso,VAI,eat,2SG,you,kiya,ind,Independent,
2,kikîhatihapin,2-pst-ati-apiVAI-2SG-ind-,pst,kî,past,ati,begin to,ati,apiVAI,api,VAI,sit,2SG,you,kiya,ind,Independent,
2,kikîhatimîcison,2-pst-ati-mîcisoVAI-2SG-ind-,pst,kî,past,ati,begin to,ati,mîcisoVAI,mîciso,VAI,eat,2SG,you,kiya,ind,Independent,
2,kikînitawihapin,2-pst-nitawi-apiVAI-2SG-ind-,pst,kî,past,nitawi,good at,nitawi,apiVAI,api,VAI,sit,2SG,you,kiya,ind,Independent,
2,kikînitawimîcison,2-pst-nitawi-mîcisoVAI-2SG-ind-,pst,kî,past,nitawi,good at,nitawi,mîcisoVAI,mîciso,VAI,eat,2SG,you,kiya,ind,Independent,
2,kikîpehapin,2-pst-pe-apiVAI-2SG-ind-,pst,kî,past,pe,come and,pe,apiVAI,api,VAI,sit,2SG,you,kiya,ind,Independent,
2,kikîpemîcison,2-pst-pe-mîcisoVAI-2SG-ind-,pst,kî,past,pe,come and,pe,mîcisoVAI,mîciso,VAI,eat,2SG,you,kiya,ind,Independent,
2,kikîhapin,2-pst-NONE-apiVAI-2SG-ind-,pst,kî,past,NONE,no preverb,mahkikway preverb,apiVAI,api,VAI,sit,2SG,you,kiya,ind,Independent,
2,kikîmîcison,2-pst-NONE-mîcisoVAI-2SG-ind-,pst,kî,past,NONE,no preverb,mahkikway preverb,mîcisoVAI,mîciso,VAI,eat,2SG,you,kiya,ind,Independent,
2,kihatihapin,2-prs-ati-apiVAI-2SG-ind-,prs,,present,ati,begin to,ati,apiVAI,api,VAI,sit,2SG,you,kiya,ind,Independent,
2,kihatimîcison,2-prs-ati-mîcisoVAI-2SG-ind-,prs,,present,ati,begin to,ati,mîcisoVAI,mîciso,VAI,eat,2SG,you,kiya,ind,Independent,
2,kinitawihapin,2-prs-nitawi-apiVAI-2SG-ind-,prs,,present,nitawi,good at,nitawi,apiVAI,api,VAI,sit,2SG,you,kiya,ind,Independent,
2,kinitawimîcison,2-prs-nitawi-mîcisoVAI-2SG-ind-,prs,,present,nitawi,good at,nitawi,mîcisoVAI,mîciso,VAI,eat,2SG,you,kiya,ind,Independent,
2,kipehapin,2-prs-pe-apiVAI-2SG-ind-,prs,,present,pe,come and,pe,apiVAI,api,VAI,sit,2SG,you,kiya,ind,Independent,
2,kipemîcison,2-prs-pe-mîcisoVAI-2SG-ind-,prs,,present,pe,come and,pe,mîcisoVAI,mîciso,VAI,eat,2SG,you,kiya,ind,Independent,
2,kitapin,2-prs-NONE-apiVAI-2SG-ind-,prs,,present,NONE,no preverb,mahkikway preverb,apiVAI,api,VAI,sit,2SG,you,kiya,ind,Independent,
2,kimîcison,2-prs-NONE-mîcisoVAI-2SG-ind-,prs,,present,NONE,no preverb,mahkikway preverb,mîcisoVAI,mîciso,VAI,eat,2SG,you,kiya,ind,Independent,
1,nikahatihapinân,1-fut_def-ati-apiVAI-1PL-ind-,fut_def,ka,future definite,ati,begin to,ati,apiVAI,api,VAI,sit,1PL,we (and not you),niyanan,ind,Independent,
1,nikahatihapin,1-fut_def-ati-apiVAI-1SG-ind-,fut_def,ka,future definite,ati,begin to,ati,apiVAI,api,VAI,sit,1SG,I,niya,ind,Independent,
1,nikahatimîcisonân,1-fut_def-ati-mîcisoVAI-1PL-ind-,fut_def,ka,future definite,ati,begin to,ati,mîcisoVAI,mîciso,VAI,eat,1PL,we (and not you),niyanan,ind,Independent,
1,nikahatimîcison,1-fut_def-ati-mîcisoVAI-1SG-ind-,fut_def,ka,future definite,ati,begin to,ati,mîcisoVAI,mîciso,VAI,eat,1SG,I,niya,ind,Independent,
1,nikanitawihapinân,1-fut_def-nitawi-apiVAI-1PL-ind-,fut_def,ka,future definite,nitawi,good at,nitawi,apiVAI,api,VAI,sit,1PL,we (and not you),niyanan,ind,Independent,
1,nikanitawihapin,1-fut_def-nitawi-apiVAI-1SG-ind-,fut_def,ka,future definite,nitawi,good at,nitawi,apiVAI,api,VAI,sit,1SG,I,niya,ind,Independent,
1,nikanitawimîcisonân,1-fut_def-nitawi-mîcisoVAI-1PL-ind-,fut_def,ka,future definite,nitawi,good at,nitawi,mîcisoVAI,mîciso,VAI,eat,1PL,we (and not you),niyanan,ind,Independent,
1,nikanitawimîcison,1-fut_def-nitawi-mîcisoVAI-1SG-ind-,fut_def,ka,future definite,nitawi,good at,nitawi,mîcisoVAI,mîciso,VAI,eat,1SG,I,niya,ind,Independent,
1,nikapehapinân,1-fut_def-pe-apiVAI-1PL-ind-,fut_def,ka,future definite,pe,come and,pe,apiVAI,api,VAI,sit,1PL,we (and not you),niyanan,ind,Independent,
1,nikapehapin,1-fut_def-pe-apiVAI-1SG-ind-,fut_def,ka,future definite,pe,come and,pe,apiVAI,api,VAI,sit,1SG,I,niya,ind,Independent,
1,nikapemîcisonân,1-fut_def-pe-mîcisoVAI-1PL-ind-,fut_def,ka,future definite,pe,come and,pe,mîcisoVAI,mîciso,VAI,eat,1PL,we (and not you),niyanan,ind,Independent,
1,nikapemîcison,1-fut_def-pe-mîcisoVAI-1SG-ind-,fut_def,ka,future definite,pe,come and,pe,mîcisoVAI,mîciso,VAI,eat,1SG,I,niya,ind,Independent,
1,nikahapinân,1-fut_def-NONE-apiVAI-1PL-ind-,fut_def,ka,future definite,NONE,no preverb,mahkikway preverb,apiVAI,api,VAI,sit,1PL,we (and not you),niyanan,ind,Independent,
1,nikahapin,1-fut_def-NONE-apiVAI-1SG-ind-,fut_def,ka,future definite,NONE,no preverb,mahkikway preverb,apiVAI,api,VAI,sit,1SG,I,niya,ind,Independent,
1,nikamîcisonân,1-fut_def-NONE-mîcisoVAI-1PL-ind-,fut_def,ka,future definite,NONE,no preverb,mahkikway preverb,mîcisoVAI,mîciso,VAI,eat,1PL,we (and not you),niyanan,ind,Independent,
1,nikamîcison,1-fut_def-NONE-mîcisoVAI-1SG-ind-,fut_def,ka,future definite,NONE,no preverb,mahkikway preverb,mîcisoVAI,mîciso,VAI,eat,1SG,I,niya,ind,Independent,
1,niwîhatihapinân,1-fut_int-ati-apiVAI-1PL-ind-,fut_int,wî,future intentional,ati,begin to,ati,apiVAI,api,VAI,sit,1PL,we (and not you),niyanan,ind,Independent,
1,niwîhatihapin,1-fut_int-ati-apiVAI-1SG-ind-,fut_int,wî,future intentional,ati,begin to,ati,apiVAI,api,VAI,sit,1SG,I,niya,ind,Independent,
1,niwîhatimîcisonân,1-fut_int-ati-mîcisoVAI-1PL-ind-,fut_int,wî,future intentional,ati,begin to,ati,mîcisoVAI,mîciso,VAI,eat,1PL,we (and not you),niyanan,ind,Independent,
1,niwîhatimîcison,1-fut_int-ati-mîcisoVAI-1SG-ind-,fut_int,wî,future intentional,ati,begin to,ati,mîcisoVAI,mîciso,VAI,eat,1SG,I,niya,ind,Independent,
1,niwînitawihapinân,1-fut_int-nitawi-apiVAI-1PL-ind-,fut_int,wî,future intentional,nitawi,good at,nitawi,apiVAI,api,VAI,sit,1PL,we (and not you),niyanan,ind,Independent,
1,niwînitawihapin,1-fut_int-nitawi-apiVAI-1SG-ind-,fut_int,wî,future intentional,nitawi,good at,nitawi,apiVAI,api,VAI,sit,1SG,I,niya,ind,Independent,
1,niwînitawimîcisonân,1-fut_int-nitawi-mîcisoVAI-1PL-ind-,fut_int,wî,future intentional,nitawi,good at,nitawi,mîcisoVAI,mîciso,VAI,eat,1PL,we (and not you),niyanan,ind,Independent,
1,niwînitawimîcison,1-fut_int-nitawi-mîcisoVAI-1SG-ind-,fut_int,wî,future intentional,nitawi,good at,nitawi,mîcisoVAI,mîciso,VAI,eat,1SG,I,niya,ind,Independent,
1,niwîpehapinân,1-fut_int-pe-apiVAI-1PL-ind-,fut_int,wî,future intentional,pe,come and,pe,apiVAI,api,VAI,sit,1PL,we (and not you),niyanan,ind,Independent,
1,niwîpehapin,1-fut_int-pe-apiVAI-1SG-ind-,fut_int,wî,future intentional,pe,come and,pe,apiVAI,api,VAI,sit,1SG,I,niya,ind,Independent,
1,niwîpemîcisonân,1-fut_int-pe-mîcisoVAI-1PL-ind-,fut_int,wî,future intentional,pe,come and,pe,mîcisoVAI,mîciso,VAI,eat,1PL,we (and not you),niyanan,ind,Independent,
1,niwîpemîcison,1-fut_int-pe-mîcisoVAI-1SG-ind-,fut_int,wî,future intentional,pe,come and,pe,mîcisoVAI,mîciso,VAI,eat,1SG,I,niya,ind,Independent,
1,niwîhapinân,1-fut_int-NONE-apiVAI-1PL-ind-,fut_int,wî,future intentional,NONE,no preverb,mahkikway preverb,apiVAI,api,VAI,sit,1PL,we (and not you),niyanan,ind,Independent,
1,niwîhapin,1-fut_int-NONE-apiVAI-1SG-ind-,fut_int,wî,future intentional,NONE,no preverb,mahkikway preverb,apiVAI,api,VAI,sit,1SG,I,niya,ind,Independent,
1,niwîmîcisonân,1-fut_int-NONE-mîcisoVAI-1PL-ind-,fut_int,wî,future intentional,NONE,no preverb,mahkikway preverb,mîcisoVAI,mîciso,VAI,eat,1PL,we (and not you),niyanan,ind,Independent,
1,niwîmîcison,1-fut_int-NONE-mîcisoVAI-1SG-ind-,fut_int,wî,future intentional,NONE,no preverb,mahkikway preverb,mîcisoVAI,mîciso,VAI,eat,1SG,I,niya,ind,Independent,
1,nikîhatihapinân,1-pst-ati-apiVAI-1PL-ind-,pst,kî,past,ati,begin to,ati,apiVAI,api,VAI,sit,1PL,we (and not you),niyanan,ind,Independent,
1,nikîhatihapin,1-pst-ati-apiVAI-1SG-ind-,pst,kî,past,ati,begin to,ati,apiVAI,api,VAI,sit,1SG,I,niya,ind,Independent,
1,nikîhatimîcisonân,1-pst-ati-mîcisoVAI-1PL-ind-,pst,kî,past,ati,begin to,ati,mîcisoVAI,mîciso,VAI,eat,1PL,we (and not you),niyanan,ind,Independent,
1,nikîhatimîcison,1-pst-ati-mîcisoVAI-1SG-ind-,pst,kî,past,ati,begin to,ati,mîcisoVAI,mîciso,VAI,eat,1SG,I,niya,ind,Independent,
1,nikînitawihapinân,1-pst-nitawi-apiVAI-1PL-ind-,pst,kî,past,nitawi,good at,nitawi,apiVAI,api,VAI,sit,1PL,we (and not you),niyanan,ind,Independent,
1,nikînitawihapin,1-pst-nitawi-apiVAI-1SG-ind-,pst,kî,past,nitawi,good at,nitawi,apiVAI,api,VAI,sit,1SG,I,niya,ind,Independent,
1,nikînitawimîcisonân,1-pst-nitawi-mîcisoVAI-1PL-ind-,pst,kî,past,nitawi,good at,nitawi,mîcisoVAI,mîciso,VAI,eat,1PL,we (and not you),niyanan,ind,Independent,
1,nikînitawimîcison,1-pst-nitawi-mîcisoVAI-1SG-ind-,pst,kî,past,nitawi,good at,nitawi,mîcisoVAI,mîciso,VAI,eat,1SG,I,niya,ind,Independent,
1,nikîpehapinân,1-pst-pe-apiVAI-1PL-ind-,pst,kî,past,pe,come and,pe,apiVAI,api,VAI,sit,1PL,we (and not you),niyanan,ind,Independent,
1,nikîpehapin,1-pst-pe-apiVAI-1SG-ind-,pst,kî,past,pe,come and,pe,apiVAI,api,VAI,sit,1SG,I,niya,ind,Independent,
1,nikîpemîcisonân,1-pst-pe-mîcisoVAI-1PL-ind-,pst,kî,past,pe,come and,pe,mîcisoVAI,mîciso,VAI,eat,1PL,we (and not you),niyanan,ind,Independent,
1,nikîpemîcison,1-pst-pe-mîcisoVAI-1SG-ind-,pst,kî,past,pe,come and,pe,mîcisoVAI,mîciso,VAI,eat,1SG,I,niya,ind,Independent,
1,nikîhapinân,1-pst-NONE-apiVAI-1PL-ind-,pst,kî,past,NONE,no preverb,mahkikway preverb,apiVAI,api,VAI,sit,1PL,we (and not you),niyanan,ind,Independent,
1,nikîhapin,1-pst-NONE-apiVAI-1SG-ind-,pst,kî,past,NONE,no preverb,mahkikway preverb,apiVAI,api,VAI,sit,1SG,I,niya,ind,Independent,
1,nikîmîcisonân,1-pst-NONE-mîcisoVAI-1PL-ind-,pst,kî,past,NONE,no preverb,mahkikway preverb,mîcisoVAI,mîciso,VAI,eat,1PL,we (and not you),niyanan,ind,Independent,
1,nikîmîcison,1-pst-NONE-mîcisoVAI-1SG-ind-,pst,kî,past,NONE,no preverb,mahkikway preverb,mîcisoVAI,mîciso,VAI,eat,1SG,I,niya,ind,Independent,
1,nihatihapinân,1-prs-ati-apiVAI-1PL-ind-,prs,,present,ati,begin to,ati,apiVAI,api,VAI,sit,1PL,we (and not you),niyanan,ind,Independent,
1,nihatihapin,1-prs-ati-apiVAI-1SG-ind-,prs,,present,ati,begin to,ati,apiVAI,api,VAI,sit,1SG,I,niya,ind,Independent,
1,nihatimîcisonân,1-prs-ati-mîcisoVAI-1PL-ind-,prs,,present,ati,begin to,ati,mîcisoVAI,mîciso,VAI,eat,1PL,we (and not you),niyanan,ind,Independent,
1,nihatimîcison,1-prs-ati-mîcisoVAI-1SG-ind-,prs,,present,ati,begin to,ati,mîcisoVAI,mîciso,VAI,eat,1SG,I,niya,ind,Independent,
1,ninitawihapinân,1-prs-nitawi-apiVAI-1PL-ind-,prs,,present,nitawi,good at,nitawi,apiVAI,api,VAI,sit,1PL,we (and not you),niyanan,ind,Independent,
1,ninitawihapin,1-prs-nitawi-apiVAI-1SG-ind-,prs,,present,nitawi,good at,nitawi,apiVAI,api,VAI,sit,1SG,I,niya,ind,Independent,
1,ninitawimîcisonân,1-prs-nitawi-mîcisoVAI-1PL-ind-,prs,,present,nitawi,good at,nitawi,mîcisoVAI,mîciso,VAI,eat,1PL,we (and not you),niyanan,ind,Independent,
1,ninitawimîcison,1-prs-nitawi-mîcisoVAI-1SG-ind-,prs,,present,nitawi,good at,nitawi,mîcisoVAI,mîciso,VAI,eat,1SG,I,niya,ind,Independent,
1,nipehapinân,1-prs-pe-apiVAI-1PL-ind-,prs,,present,pe,come and,pe,apiVAI,api,VAI,sit,1PL,we (and not you),niyanan,ind,Independent,
1,nipehapin,1-prs-pe-apiVAI-1SG-ind-,prs,,present,pe,come and,pe,apiVAI,api,VAI,sit,1SG,I,niya,ind,Independent,
1,nipemîcisonân,1-prs-pe-mîcisoVAI-1PL-ind-,prs,,present,pe,come and,pe,mîcisoVAI,mîciso,VAI,eat,1PL,we (and not you),niyanan,ind,Independent,
1,nipemîcison,1-prs-pe-mîcisoVAI-1SG-ind-,prs,,present,pe,come and,pe,mîcisoVAI,mîciso,VAI,eat,1SG,I,niya,ind,Independent,
1,nitapinân,1-prs-NONE-apiVAI-1PL-ind-,prs,,present,NONE,no preverb,mahkikway preverb,apiVAI,api,VAI,sit,1PL,we (and not you),niyanan,ind,Independent,
1,nitapin,1-prs-NONE-apiVAI-1SG-ind-,prs,,present,NONE,no preverb,mahkikway preverb,apiVAI,api,VAI,sit,1SG,I,niya,ind,Independent,
1,nimîcisonân,1-prs-NONE-mîcisoVAI-1PL-ind-,prs,,present,NONE,no preverb,mahkikway preverb,mîcisoVAI,mîciso,VAI,eat,1PL,we (and not you),niyanan,ind,Independent,
1,nimîcison,1-prs-NONE-mîcisoVAI-1SG-ind-,prs,,present,NONE,no preverb,mahkikway preverb,mîcisoVAI,mîciso,VAI,eat,1SG,I,niya,ind,Independent,
,pemîciso,pe-mîcisoVAI-2SG-prs-imp-,prs,,present,pe,come and,pe,mîcisoVAI,mîciso,VAI,eat,2SG,you,kiya,imp,Immediate Imperative,
,atimîciso,ati-mîcisoVAI-2SG-prs-imp-,prs,,present,ati,begin to,ati,mîcisoVAI,mîciso,VAI,eat,2SG,you,kiya,imp,Immediate Imperative,
,nitawimîciso,nitawi-mîcisoVAI-2SG-prs-imp-,prs,,present,nitawi,good at,nitawi,mîcisoVAI,mîciso,VAI,eat,2SG,you,kiya,imp,Immediate Imperative,
,mîciso,NONE-mîcisoVAI-2SG-prs-imp-,prs,,present,NONE,no preverb,mahkikway preverb,mîcisoVAI,mîciso,VAI,eat,2SG,you,kiya,imp,Immediate Imperative,
,pehapi,pe-apiVAI-2SG-prs-imp-,prs,,present,pe,come and,pe,apiVAI,api,VAI,sit,2SG,you,kiya,imp,Immediate Imperative,
,atihapi,ati-apiVAI-2SG-prs-imp-,prs,,present,ati,begin to,ati,apiVAI,api,VAI,sit,2SG,you,kiya,imp,Immediate Imperative,
,nitawihapi,nitawi-apiVAI-2SG-prs-imp-,prs,,present,nitawi,good at,nitawi,apiVAI,api,VAI,sit,2SG,you,kiya,imp,Immediate Imperative,
,api,NONE-apiVAI-2SG-prs-imp-,prs,,present,NONE,no preverb,mahkikway preverb,apiVAI,api,VAI,sit,2SG,you,kiya,imp,Immediate Imperative,
,ekahatihapicik,conj_pref-fut_def-ati-apiVAI-3PL-conj-,fut_def,ka,future definite,ati,begin to,ati,apiVAI,api,VAI,sit,3PL,they,wiyawaw,conj,Conjunct,
,ekahatihapiyek,conj_pref-fut_def-ati-apiVAI-2PL-conj-,fut_def,ka,future definite,ati,begin to,ati,apiVAI,api,VAI,sit,2PL,you all,kiyanawaw,conj,Conjunct,
,ekahatihapiyahk,conj_pref-fut_def-ati-apiVAI-2I-conj-,fut_def,ka,future definite,ati,begin to,ati,apiVAI,api,VAI,sit,2I,we (and you),kiyanaw,conj,Conjunct,
,ekahatihapiyâhk,conj_pref-fut_def-ati-apiVAI-1PL-conj-,fut_def,ka,future definite,ati,begin to,ati,apiVAI,api,VAI,sit,1PL,we (and not you),niyanan,conj,Conjunct,
,ekahatimîcisocik,conj_pref-fut_def-ati-mîcisoVAI-3PL-conj-,fut_def,ka,future definite,ati,begin to,ati,mîcisoVAI,mîciso,VAI,eat,3PL,they,wiyawaw,conj,Conjunct,
,ekahatimîcisoyek,conj_pref-fut_def-ati-mîcisoVAI-2PL-conj-,fut_def,ka,future definite,ati,begin to,ati,mîcisoVAI,mîciso,VAI,eat,2PL,you all,kiyanawaw,conj,Conjunct,
,ekahatimîcisoyahk,conj_pref-fut_def-ati-mîcisoVAI-2I-conj-,fut_def,ka,future definite,ati,begin to,ati,mîcisoVAI,mîciso,VAI,eat,2I,we (and you),kiyanaw,conj,Conjunct,
,ekahatimîcisoyâhk,conj_pref-fut_def-ati-mîcisoVAI-1PL-conj-,fut_def,ka,future definite,ati,begin to,ati,mîcisoVAI,mîciso,VAI,eat,1PL,we (and not you),niyanan,conj,Conjunct,
,ekanitawihapicik,conj_pref-fut_def-nitawi-apiVAI-3PL-conj-,fut_def,ka,future definite,nitawi,good at,nitawi,apiVAI,api,VAI,sit,3PL,they,wiyawaw,conj,Conjunct,
,ekanitawihapiyek,conj_pref-fut_def-nitawi-apiVAI-2PL-conj-,fut_def,ka,future definite,nitawi,good at,nitawi,apiVAI,api,VAI,sit,2PL,you all,kiyanawaw,conj,Conjunct,
,ekanitawihapiyahk,conj_pref-fut_def-nitawi-apiVAI-2I-conj-,fut_def,ka,future definite,nitawi,good at,nitawi,apiVAI,api,VAI,sit,2I,we (and you),kiyanaw,conj,Conjunct,
,ekanitawihapiyâhk,conj_pref-fut_def-nitawi-apiVAI-1PL-conj-,fut_def,ka,future definite,nitawi,good at,nitawi,apiVAI,api,VAI,sit,1PL,we (and not you),niyanan,conj,Conjunct,
,ekanitawimîcisocik,conj_pref-fut_def-nitawi-mîcisoVAI-3PL-conj-,fut_def,ka,future definite,nitawi,good at,nitawi,mîcisoVAI,mîciso,VAI,eat,3PL,they,wiyawaw,conj,Conjunct,
,ekanitawimîcisoyek,conj_pref-fut_def-nitawi-mîcisoVAI-2PL-conj-,fut_def,ka,future definite,nitawi,good at,nitawi,mîcisoVAI,mîciso,VAI,eat,2PL,you all,kiyanawaw,conj,Conjunct,
,ekanitawimîcisoyahk,conj_pref-fut_def-nitawi-mîcisoVAI-2I-conj-,fut_def,ka,future definite,nitawi,good at,nitawi,mîcisoVAI,mîciso,VAI,eat,2I,we (and you),kiyanaw,conj,Conjunct,
,ekanitawimîcisoyâhk,conj_pref-fut_def-nitawi-mîcisoVAI-1PL-conj-,fut_def,ka,future definite,nitawi,good at,nitawi,mîcisoVAI,mîciso,VAI,eat,1PL,we (and not you),niyanan,conj,Conjunct,
,ekapehapicik,conj_pref-fut_def-pe-apiVAI-3PL-conj-,fut_def,ka,future definite,pe,come and,pe,apiVAI,api,VAI,sit,3PL,they,wiyawaw,conj,Conjunct,
,ekapehapiyek,conj_pref-fut_def-pe-apiVAI-2PL-conj-,fut_def,ka,future definite,pe,come and,pe,apiVAI,api,VAI,sit,2PL,you all,kiyanawaw,conj,Conjunct,
,ekapehapiyahk,conj_pref-fut_def-pe-apiVAI-2I-conj-,fut_def,ka,future definite,pe,come and,pe,apiVAI,api,VAI,sit,2I,we (and you),kiyanaw,conj,Conjunct,
,ekapehapiyâhk,conj_pref-fut_def-pe-apiVAI-1PL-conj-,fut_def,ka,future definite,pe,come and,pe,apiVAI,api,VAI,sit,1PL,we (and not you),niyanan,conj,Conjunct,
,ekapemîcisocik,conj_pref-fut_def-pe-mîcisoVAI-3PL-conj-,fut_def,ka,future definite,pe,come and,pe,mîcisoVAI,mîciso,VAI,eat,3PL,they,wiyawaw,conj,Conjunct,
,ekapemîcisoyek,conj_pref-fut_def-pe-mîcisoVAI-2PL-conj-,fut_def,ka,future definite,pe,come and,pe,mîcisoVAI,mîciso,VAI,eat,2PL,you all,kiyanawaw,conj,Conjunct,
,ekapemîcisoyahk,conj_pref-fut_def-pe-mîcisoVAI-2I-conj-,fut_def,ka,future definite,pe,come and,pe,mîcisoVAI,mîciso,VAI,eat,2I,we (and you),kiyanaw,conj,Conjunct,
,ekapemîcisoyâhk,conj_pref-fut_def-pe-mîcisoVAI-1PL-conj-,fut_def,ka,future definite,pe,come and,pe,mîcisoVAI,mîciso,VAI,eat,1PL,we (and not you),niyanan,conj,Conjunct,
,ekahapicik,conj_pref-fut_def-NONE-apiVAI-3PL-conj-,fut_def,ka,future definite,NONE,no preverb,mahkikway preverb,apiVAI,api,VAI,sit,3PL,they,wiyawaw,conj,Conjunct,
,ekahapiyek,conj_pref-fut_def-NONE-apiVAI-2PL-conj-,fut_def,ka,future definite,NONE,no preverb,mahkikway preverb,apiVAI,api,VAI,sit,2PL,you all,kiyanawaw,conj,Conjunct,
,ekahapiyahk,conj_pref-fut_def-NONE-apiVAI-2I-conj-,fut_def,ka,future definite,NONE,no preverb,mahkikway preverb,apiVAI,api,VAI,sit,2I,we (and you),kiyanaw,conj,Conjunct,
,ekahapiyâhk,conj_pref-fut_def-NONE-apiVAI-1PL-conj-,fut_def,ka,future definite,NONE,no preverb,mahkikway preverb,apiVAI,api,VAI,sit,1PL,we (and not you),niyanan,conj,Conjunct,
,ekamîcisocik,conj_pref-fut_def-NONE-mîcisoVAI-3PL-conj-,fut_def,ka,future definite,NONE,no preverb,mahkikway preverb,mîcisoVAI,mîciso,VAI,eat,3PL,they,wiyawaw,conj,Conjunct,
,ekamîcisoyek,conj_pref-fut_def-NONE-mîcisoVAI-2PL-conj-,fut_def,ka,future definite,NONE,no preverb,mahkikway preverb,mîcisoVAI,mîciso,VAI,eat,2PL,you all,kiyanawaw,conj,Conjunct,
,ekamîcisoyahk,conj_pref-fut_def-NONE-mîcisoVAI-2I-conj-,fut_def,ka,future definite,NONE,no preverb,mahkikway preverb,mîcisoVAI,mîciso,VAI,eat,2I,we (and you),kiyanaw,conj,Conjunct,
,ekamîcisoyâhk,conj_pref-fut_def-NONE-mîcisoVAI-1PL-conj-,fut_def,ka,future definite,NONE,no preverb,mahkikway preverb,mîcisoVAI,mîciso,VAI,eat,1PL,we (and not you),niyanan,conj,Conjunct,
,ewîhatihapicik,conj_pref-fut_int-ati-apiVAI-3PL-conj-,fut_int,wî,future intentional,ati,begin to,ati,apiVAI,api,VAI,sit,3PL,they,wiyawaw,conj,Conjunct,
,ewîhatihapiyek,conj_pref-fut_int-ati-apiVAI-2PL-conj-,fut_int,wî,future intentional,ati,begin to,ati,apiVAI,api,VAI,sit,2PL,you all,kiyanawaw,conj,Conjunct,
,ewîhatihapiyahk,conj_pref-fut_int-ati-apiVAI-2I-conj-,fut_int,wî,future intentional,ati,begin to,ati,apiVAI,api,VAI,sit,2I,we (and you),kiyanaw,conj,Conjunct,
,ewîhatihapiyâhk,conj_pref-fut_int-ati-apiVAI-1PL-conj-,fut_int,wî,future intentional,ati,begin to,ati,apiVAI,api,VAI,sit,1PL,we (and not you),niyanan,conj,Conjunct,
,ewîhatimîcisocik,conj_pref-fut_int-ati-mîcisoVAI-3PL-conj-,fut_int,wî,future intentional,ati,begin to,ati,mîcisoVAI,mîciso,VAI,eat,3PL,they,wiyawaw,conj,Conjunct,
,ewîhatimîcisoyek,conj_pref-fut_int-ati-mîcisoVAI-2PL-conj-,fut_int,wî,future intentional,ati,begin to,ati,mîcisoVAI,mîciso,VAI,eat,2PL,you all,kiyanawaw,conj,Conjunct,
,ewîhatimîcisoyahk,conj_pref-fut_int-ati-mîcisoVAI-2I-conj-,fut_int,wî,future intentional,ati,begin to,ati,mîcisoVAI,mîciso,VAI,eat,2I,we (and you),kiyanaw,conj,Conjunct,
,ewîhatimîcisoyâhk,conj_pref-fut_int-ati-mîcisoVAI-1PL-conj-,fut_int,wî,future intentional,ati,begin to,ati,mîcisoVAI,mîciso,VAI,eat,1PL,we (and not you),niyanan,conj,Conjunct,
,ewînitawihapicik,conj_pref-fut_int-nitawi-apiVAI-3PL-conj-,fut_int,wî,future intentional,nitawi,good at,nitawi,apiVAI,api,VAI,sit,3PL,they,wiyawaw,conj,Conjunct,
,ewînitawihapiyek,conj_pref-fut_int-nitawi-apiVAI-2PL-conj-,fut_int,wî,future intentional,nitawi,good at,nitawi,apiVAI,api,VAI,sit,2PL,you all,kiyanawaw,conj,Conjunct,
,ewînitawihapiyahk,conj_pref-fut_int-nitawi-apiVAI-2I-conj-,fut_int,wî,future intentional,nitawi,good at,nitawi,apiVAI,api,VAI,sit,2I,we (and you),kiyanaw,conj,Conjunct,
,ewînitawihapiyâhk,conj_pref-fut_int-nitawi-apiVAI-1PL-conj-,fut_int,wî,future intentional,nitawi,good at,nitawi,apiVAI,api,VAI,sit,1PL,we (and not you),niyanan,conj,Conjunct,
,ewînitawimîcisocik,conj_pref-fut_int-nitawi-mîcisoVAI-3PL-conj-,fut_int,wî,future intentional,nitawi,good at,nitawi,mîcisoVAI,mîciso,VAI,eat,3PL,they,wiyawaw,conj,Conjunct,
,ewînitawimîcisoyek,conj_pref-fut_int-nitawi-mîcisoVAI-2PL-conj-,fut_int,wî,future intentional,nitawi,good at,nitawi,mîcisoVAI,mîciso,VAI,eat,2PL,you all,kiyanawaw,conj,Conjunct,
,ewînitawimîcisoyahk,conj_pref-fut_int-nitawi-mîcisoVAI-2I-conj-,fut_int,wî,future intentional,nitawi,good at,nitawi,mîcisoVAI,mîciso,VAI,eat,2I,we (and you),kiyanaw,conj,Conjunct,
,ewînitawimîcisoyâhk,conj_pref-fut_int-nitawi-mîcisoVAI-1PL-conj-,fut_int,wî,future intentional,nitawi,good at,nitawi,mîcisoVAI,mîciso,VAI,eat,1PL,we (and not you),niyanan,conj,Conjunct,
,ewîpehapicik,conj_pref-fut_int-pe-apiVAI-3PL-conj-,fut_int,wî,future intentional,pe,come and,pe,apiVAI,api,VAI,sit,3PL,they,wiyawaw,conj,Conjunct,
,ewîpehapiyek,conj_pref-fut_int-pe-apiVAI-2PL-conj-,fut_int,wî,future intentional,pe,come and,pe,apiVAI,api,VAI,sit,2PL,you all,kiyanawaw,conj,Conjunct,
,ewîpehapiyahk,conj_pref-fut_int-pe-apiVAI-2I-conj-,fut_int,wî,future intentional,pe,come and,pe,apiVAI,api,VAI,sit,2I,we (and you),kiyanaw,conj,Conjunct,
,ewîpehapiyâhk,conj_pref-fut_int-pe-apiVAI-1PL-conj-,fut_int,wî,future intentional,pe,come and,pe,apiVAI,api,VAI,sit,1PL,we (and not you),niyanan,conj,Conjunct,
,ewîpemîcisocik,conj_pref-fut_int-pe-mîcisoVAI-3PL-conj-,fut_int,wî,future intentional,pe,come and,pe,mîcisoVAI,mîciso,VAI,eat,3PL,they,wiyawaw,conj,Conjunct,
,ewîpemîcisoyek,conj_pref-fut_int-pe-mîcisoVAI-2PL-conj-,fut_int,wî,future intentional,pe,come and,pe,mîcisoVAI,mîciso,VAI,eat,2PL,you all,kiyanawaw,conj,Conjunct,
,ewîpemîcisoyahk,conj_pref-fut_int-pe-mîcisoVAI-2I-conj-,fut_int,wî,future intentional,pe,come and,pe,mîcisoVAI,mîciso,VAI,eat,2I,we (and you),kiyanaw,conj,Conjunct,
,ewîpemîcisoyâhk,conj_pref-fut_int-pe-mîcisoVAI-1PL-conj-,fut_int,wî,future intentional,pe,come and,pe,mîcisoVAI,mîciso,VAI,eat,1PL,we (and not you),niyanan,conj,Conjunct,
,ewîhapicik,conj_pref-fut_int-NONE-apiVAI-3PL-conj-,fut_int,wî,future intentional,NONE,no preverb,mahkikway preverb,apiVAI,api,VAI,sit,3PL,they,wiyawaw,conj,Conjunct,
,ewîhapiyek,conj_pref-fut_int-NONE-apiVAI-2PL-conj-,fut_int,wî,future intentional,NONE,no preverb,mahkikway preverb,apiVAI,api,VAI,sit,2PL,you all,kiyanawaw,conj,Conjunct,
,ewîhapiyahk,conj_pref-fut_int-NONE-apiVAI-2I-conj-,fut_int,wî,future intentional,NONE,no preverb,mahkikway preverb,apiVAI,api,VAI,sit,2I,we (and you),kiyanaw,conj,Conjunct,
,ewîhapiyâhk,conj_pref-fut_int-NONE-apiVAI-1PL-conj-,fut_int,wî,future intentional,NONE,no preverb,mahkikway preverb,apiVAI,api,VAI,sit,1PL,we (and not you),niyanan,conj,Conjunct,
,ewîmîcisocik,conj_pref-fut_int-NONE-mîcisoVAI-3PL-conj-,fut_int,wî,future intentional,NONE,no preverb,mahkikway preverb,mîcisoVAI,mîciso,VAI,eat,3PL,they,wiyawaw,conj,Conjunct,
,ewîmîcisoyek,conj_pref-fut_int-NONE-mîcisoVAI-2PL-conj-,fut_int,wî,future intentional,NONE,no preverb,mahkikway preverb,mîcisoVAI,mîciso,VAI,eat,2PL,you all,kiyanawaw,conj,Conjunct,
,ewîmîcisoyahk,conj_pref-fut_int-NONE-mîcisoVAI-2I-conj-,fut_int,wî,future intentional,NONE,no preverb,mahkikway preverb,mîcisoVAI,mîciso,VAI,eat,2I,we (and you),kiyanaw,conj,Conjunct,
,ewîmîcisoyâhk,conj_pref-fut_int-NONE-mîcisoVAI-1PL-conj-,fut_int,wî,future intentional,NONE,no preverb,mahkikway preverb,mîcisoVAI,mîciso,VAI,eat,1PL,we (and not you),niyanan,conj,Conjunct,
,ekîhatihapicik,conj_pref-pst-ati-apiVAI-3PL-conj-,pst,kî,past,ati,begin to,ati,apiVAI,api,VAI,sit,3PL,they,wiyawaw,conj,Conjunct,
,atihapihkek,ati-apiVAI-pst-2PL-delayed_imp-,pst,kî,past,ati,begin to,ati,apiVAI,api,VAI,sit,2PL,you all,kiyanawaw,delayed_imp,Delayed Imperative,
,ekîhatihapiyek,conj_pref-pst-ati-apiVAI-2PL-conj-,pst,kî,past,ati,begin to,ati,apiVAI,api,VAI,sit,2PL,you all,kiyanawaw,conj,Conjunct,
,atihapihkahk,ati-apiVAI-pst-2I-delayed_imp-,pst,kî,past,ati,begin to,ati,apiVAI,api,VAI,sit,2I,we (and you),kiyanaw,delayed_imp,Delayed Imperative,
,ekîhatihapiyahk,conj_pref-pst-ati-apiVAI-2I-conj-,pst,kî,past,ati,begin to,ati,apiVAI,api,VAI,sit,2I,we (and you),kiyanaw,conj,Conjunct,
,ekîhatihapiyâhk,conj_pref-pst-ati-apiVAI-1PL-conj-,pst,kî,past,ati,begin to,ati,apiVAI,api,VAI,sit,1PL,we (and not you),niyanan,conj,Conjunct,
,ekîhatimîcisocik,conj_pref-pst-ati-mîcisoVAI-3PL-conj-,pst,kî,past,ati,begin to,ati,mîcisoVAI,mîciso,VAI,eat,3PL,they,wiyawaw,conj,Conjunct,
,atimîcisohkek,ati-mîcisoVAI-pst-2PL-delayed_imp-,pst,kî,past,ati,begin to,ati,mîcisoVAI,mîciso,VAI,eat,2PL,you all,kiyanawaw,delayed_imp,Delayed Imperative,
,ekîhatimîcisoyek,conj_pref-pst-ati-mîcisoVAI-2PL-conj-,pst,kî,past,ati,begin to,ati,mîcisoVAI,mîciso,VAI,eat,2PL,you all,kiyanawaw,conj,Conjunct,
,atimîcisohkahk,ati-mîcisoVAI-pst-2I-delayed_imp-,pst,kî,past,ati,begin to,ati,mîcisoVAI,mîciso,VAI,eat,2I,we (and you),kiyanaw,delayed_imp,Delayed Imperative,
,ekîhatimîcisoyahk,conj_pref-pst-ati-mîcisoVAI-2I-conj-,pst,kî,past,ati,begin to,ati,mîcisoVAI,mîciso,VAI,eat,2I,we (and you),kiyanaw,conj,Conjunct,
,ekîhatimîcisoyâhk,conj_pref-pst-ati-mîcisoVAI-1PL-conj-,pst,kî,past,ati,begin to,ati,mîcisoVAI,mîciso,VAI,eat,1PL,we (and not you),niyanan,conj,Conjunct,
,ekînitawihapicik,conj_pref-pst-nitawi-apiVAI-3PL-conj-,pst,kî,past,nitawi,good at,nitawi,apiVAI,api,VAI,sit,3PL,they,wiyawaw,conj,Conjunct,
,nitawihapihkek,nitawi-apiVAI-pst-2PL-delayed_imp-,pst,kî,past,nitawi,good at,nitawi,apiVAI,api,VAI,sit,2PL,you all,kiyanawaw,delayed_imp,Delayed Imperative,
,ekînitawihapiyek,conj_pref-pst-nitawi-apiVAI-2PL-conj-,pst,kî,past,nitawi,good at,nitawi,apiVAI,api,VAI,sit,2PL,you all,kiyanawaw,conj,Conjunct,
,nitawihapihkahk,nitawi-apiVAI-pst-2I-delayed_imp-,pst,kî,past,nitawi,good at,nitawi,apiVAI,api,VAI,sit,2I,we (and you),kiyanaw,delayed_imp,Delayed Imperative,
,ekînitawihapiyahk,conj_pref-pst-nitawi-apiVAI-2I-conj-,pst,kî,past,nitawi,good at,nitawi,apiVAI,api,VAI,sit,2I,we (and you),kiyanaw,conj,Conjunct,
,ekînitawihapiyâhk,conj_pref-pst-nitawi-apiVAI-1PL-conj-,pst,kî,past,nitawi,good at,nitawi,apiVAI,api,VAI,sit,1PL,we (and not you),niyanan,conj,Conjunct,
,ekînitawimîcisocik,conj_pref-pst-nitawi-mîcisoVAI-3PL-conj-,pst,kî,past,nitawi,good at,nitawi,mîcisoVAI,mîciso,VAI,eat,3PL,they,wiyawaw,conj,Conjunct,
,nitawimîcisohkek,nitawi-mîcisoVAI-pst-2PL-delayed_imp-,pst,kî,past,nitawi,good at,nitawi,mîcisoVAI,mîciso,VAI,eat,2PL,you all,kiyanawaw,delayed_imp,Delayed Imperative,
,ekînitawimîcisoyek,conj_pref-pst-nitawi-mîcisoVAI-2PL-conj-,pst,kî,past,nitawi,good at,nitawi,mîcisoVAI,mîciso,VAI,eat,2PL,you all,kiyanawaw,conj,Conjunct,
,nitawimîcisohkahk,nitawi-mîcisoVAI-pst-2I-delayed_imp-,pst,kî,past,nitawi,good at,nitawi,mîcisoVAI,mîciso,VAI,eat,2I,we (and you),kiyanaw,delayed_imp,Delayed Imperative,
,ekînitawimîcisoyahk,conj_pref-pst-nitawi-mîcisoVAI-2I-conj-,pst,kî,past,nitawi,good at,nitawi,mîcisoVAI,mîciso,VAI,eat,2I,we (and you),kiyanaw,conj,Conjunct,
,ekînitawimîcisoyâhk,conj_pref-pst-nitawi-mîcisoVAI-1PL-conj-,pst,kî,past,nitawi,good at,nitawi,mîcisoVAI,mîciso,VAI,eat,1PL,we (and not you),niyanan,conj,Conjunct,
,ekîpehapicik,conj_pref-pst-pe-apiVAI-3PL-conj-,pst,kî,past,pe,come and,pe,apiVAI,api,VAI,sit,3PL,they,wiyawaw,conj,Conjunct,
,pehapihkek,pe-apiVAI-pst-2PL-delayed_imp-,pst,kî,past,pe,come and,pe,apiVAI,api,VAI,sit,2PL,you all,kiyanawaw,delayed_imp,Delayed Imperative,
,ekîpehapiyek,conj_pref-pst-pe-apiVAI-2PL-conj-,pst,kî,past,pe,come and,pe,apiVAI,api,VAI,sit,2PL,you all,kiyanawaw,conj,Conjunct,
,pehapihkahk,pe-apiVAI-pst-2I-delayed_imp-,pst,kî,past,pe,come and,pe,apiVAI,api,VAI,sit,2I,we (and you),kiyanaw,delayed_imp,Delayed Imperative,
,ekîpehapiyahk,conj_pref-pst-pe-apiVAI-2I-conj-,pst,kî,past,pe,come and,pe,apiVAI,api,VAI,sit,2I,we (and you),kiyanaw,conj,Conjunct,
,ekîpehapiyâhk,conj_pref-pst-pe-apiVAI-1PL-conj-,pst,kî,past,pe,come and,pe,apiVAI,api,VAI,sit,1PL,we (and not you),niyanan,conj,Conjunct,
,ekîpemîcisocik,conj_pref-pst-pe-mîcisoVAI-3PL-conj-,pst,kî,past,pe,come and,pe,mîcisoVAI,mîciso,VAI,eat,3PL,they,wiyawaw,conj,Conjunct,
,pemîcisohkek,pe-mîcisoVAI-pst-2PL-delayed_imp-,pst,kî,past,pe,come and,pe,mîcisoVAI,mîciso,VAI,eat,2PL,you all,kiyanawaw,delayed_imp,Delayed Imperative,
,ekîpemîcisoyek,conj_pref-pst-pe-mîcisoVAI-2PL-conj-,pst,kî,past,pe,come and,pe,mîcisoVAI,mîciso,VAI,eat,2PL,you all,kiyanawaw,conj,Conjunct,
,pemîcisohkahk,pe-mîcisoVAI-pst-2I-delayed_imp-,pst,kî,past,pe,come and,pe,mîcisoVAI,mîciso,VAI,eat,2I,we (and you),kiyanaw,delayed_imp,Delayed Imperative,
,ekîpemîcisoyahk,conj_pref-pst-pe-mîcisoVAI-2I-conj-,pst,kî,past,pe,come and,pe,mîcisoVAI,mîciso,VAI,eat,2I,we (and you),kiyanaw,conj,Conjunct,
,ekîpemîcisoyâhk,conj_pref-pst-pe-mîcisoVAI-1PL-conj-,pst,kî,past,pe,come and,pe,mîcisoVAI,mîciso,VAI,eat,1PL,we (and not you),niyanan,conj,Conjunct,
,ekîhapicik,conj_pref-pst-NONE-apiVAI-3PL-conj-,pst,kî,past,NONE,no preverb,mahkikway preverb,apiVAI,api,VAI,sit,3PL,they,wiyawaw,conj,Conjunct,
,apihkek,NONE-apiVAI-pst-2PL-delayed_imp-,pst,kî,past,NONE,no preverb,mahkikway preverb,apiVAI,api,VAI,sit,2PL,you all,kiyanawaw,delayed_imp,Delayed Imperative,
,ekîhapiyek,conj_pref-pst-NONE-apiVAI-2PL-conj-,pst,kî,past,NONE,no preverb,mahkikway preverb,apiVAI,api,VAI,sit,2PL,you all,kiyanawaw,conj,Conjunct,
,apihkahk,NONE-apiVAI-pst-2I-delayed_imp-,pst,kî,past,NONE,no preverb,mahkikway preverb,apiVAI,api,VAI,sit,2I,we (and you),kiyanaw,delayed_imp,Delayed Imperative,
,ekîhapiyahk,conj_pref-pst-NONE-apiVAI-2I-conj-,pst,kî,past,NONE,no preverb,mahkikway preverb,apiVAI,api,VAI,sit,2I,we (and you),kiyanaw,conj,Conjunct,
,ekîhapiyâhk,conj_pref-pst-NONE-apiVAI-1PL-conj-,pst,kî,past,NONE,no preverb,mahkikway preverb,apiVAI,api,VAI,sit,1PL,we (and not you),niyanan,conj,Conjunct,
,ekîmîcisocik,conj_pref-pst-NONE-mîcisoVAI-3PL-conj-,pst,kî,past,NONE,no preverb,mahkikway preverb,mîcisoVAI,mîciso,VAI,eat,3PL,they,wiyawaw,conj,Conjunct,
,mîcisohkek,NONE-mîcisoVAI-pst-2PL-delayed_imp-,pst,kî,past,NONE,no preverb,mahkikway preverb,mîcisoVAI,mîciso,VAI,eat,2PL,you all,kiyanawaw,delayed_imp,Delayed Imperative,
,ekîmîcisoyek,conj_pref-pst-NONE-mîcisoVAI-2PL-conj-,pst,kî,past,NONE,no preverb,mahkikway preverb,mîcisoVAI,mîciso,VAI,eat,2PL,you all,kiyanawaw,conj,Conjunct,
,mîcisohkahk,NONE-mîcisoVAI-pst-2I-delayed_imp-,pst,kî,past,NONE,no preverb,mahkikway preverb,mîcisoVAI,mîciso,VAI,eat,2I,we (and you),kiyanaw,delayed_imp,Delayed Imperative,
,ekîmîcisoyahk,conj_pref-pst-NONE-mîcisoVAI-2I-conj-,pst,kî,past,NONE,no preverb,mahkikway preverb,mîcisoVAI,mîciso,VAI,eat,2I,we (and you),kiyanaw,conj,Conjunct,
,ekîmîcisoyâhk,conj_pref-pst-NONE-mîcisoVAI-1PL-conj-,pst,kî,past,NONE,no preverb,mahkikway preverb,mîcisoVAI,mîciso,VAI,eat,1PL,we (and not you),niyanan,conj,Conjunct,
,ehatihapicik,conj_pref-prs-ati-apiVAI-3PL-conj-,prs,,present,ati,begin to,ati,apiVAI,api,VAI,sit,3PL,they,wiyawaw,conj,Conjunct,
,atihapik,ati-apiVAI-2PL-prs-imp-,prs,,present,ati,begin to,ati,apiVAI,api,VAI,sit,2PL,you all,kiyanawaw,imp,Immediate Imperative,
,ehatihapiyek,conj_pref-prs-ati-apiVAI-2PL-conj-,prs,,present,ati,begin to,ati,apiVAI,api,VAI,sit,2PL,you all,kiyanawaw,conj,Conjunct,
,ehatihapiyahk,conj_pref-prs-ati-apiVAI-2I-conj-,prs,,present,ati,begin to,ati,apiVAI,api,VAI,sit,2I,we (and you),kiyanaw,conj,Conjunct,
,ehatihapiyâhk,conj_pref-prs-ati-apiVAI-1PL-conj-,prs,,present,ati,begin to,ati,apiVAI,api,VAI,sit,1PL,we (and not you),niyanan,conj,Conjunct,
,ehatimîcisocik,conj_pref-prs-ati-mîcisoVAI-3PL-conj-,prs,,present,ati,begin to,ati,mîcisoVAI,mîciso,VAI,eat,3PL,they,wiyawaw,conj,Conjunct,
,atimîcisok,ati-mîcisoVAI-2PL-prs-imp-,prs,,present,ati,begin to,ati,mîcisoVAI,mîciso,VAI,eat,2PL,you all,kiyanawaw,imp,Immediate Imperative,
,ehatimîcisoyek,conj_pref-prs-ati-mîcisoVAI-2PL-conj-,prs,,present,ati,begin to,ati,mîcisoVAI,mîciso,VAI,eat,2PL,you all,kiyanawaw,conj,Conjunct,
,ehatimîcisoyahk,conj_pref-prs-ati-mîcisoVAI-2I-conj-,prs,,present,ati,begin to,ati,mîcisoVAI,mîciso,VAI,eat,2I,we (and you),kiyanaw,conj,Conjunct,
,ehatimîcisoyâhk,conj_pref-prs-ati-mîcisoVAI-1PL-conj-,prs,,present,ati,begin to,ati,mîcisoVAI,mîciso,VAI,eat,1PL,we (and not you),niyanan,conj,Conjunct,
,enitawihapicik,conj_pref-prs-nitawi-apiVAI-3PL-conj-,prs,,present,nitawi,good at,nitawi,apiVAI,api,VAI,sit,3PL,they,wiyawaw,conj,Conjunct,
,nitawihapik,nitawi-apiVAI-2PL-prs-imp-,prs,,present,nitawi,good at,nitawi,apiVAI,api,VAI,sit,2PL,you all,kiyanawaw,imp,Immediate Imperative,
,enitawihapiyek,conj_pref-prs-nitawi-apiVAI-2PL-conj-,prs,,present,nitawi,good at,nitawi,apiVAI,api,VAI,sit,2PL,you all,kiyanawaw,conj,Conjunct,
,enitawihapiyahk,conj_pref-prs-nitawi-apiVAI-2I-conj-,prs,,present,nitawi,good at,nitawi,apiVAI,api,VAI,sit,2I,we (and you),kiyanaw,conj,Conjunct,
,enitawihapiyâhk,conj_pref-prs-nitawi-apiVAI-1PL-conj-,prs,,present,nitawi,good at,nitawi,apiVAI,api,VAI,sit,1PL,we (and not you),niyanan,conj,Conjunct,
,enitawimîcisocik,conj_pref-prs-nitawi-mîcisoVAI-3PL-conj-,prs,,present,nitawi,good at,nitawi,mîcisoVAI,mîciso,VAI,eat,3PL,they,wiyawaw,conj,Conjunct,
,nitawimîcisok,nitawi-mîcisoVAI-2PL-prs-imp-,prs,,present,nitawi,good at,nitawi,mîcisoVAI,mîciso,VAI,eat,2PL,you all,kiyanawaw,imp,Immediate Imperative,
,enitawimîcisoyek,conj_pref-prs-nitawi-mîcisoVAI-2PL-conj-,prs,,present,nitawi,good at,nitawi,mîcisoVAI,mîciso,VAI,eat,2PL,you all,kiyanawaw,conj,Conjunct,
,enitawimîcisoyahk,conj_pref-prs-nitawi-mîcisoVAI-2I-conj-,prs,,present,nitawi,good at,nitawi,mîcisoVAI,mîciso,VAI,eat,2I,we (and you),kiyanaw,conj,Conjunct,
,enitawimîcisoyâhk,conj_pref-prs-nitawi-mîcisoVAI-1PL-conj-,prs,,present,nitawi,good at,nitawi,mîcisoVAI,mîciso,VAI,eat,1PL,we (and not you),niyanan,conj,Conjunct,
,epehapicik,conj_pref-prs-pe-apiVAI-3PL-conj-,prs,,present,pe,come and,pe,apiVAI,api,VAI,sit,3PL,they,wiyawaw,conj,Conjunct,
,pehapik,pe-apiVAI-2PL-prs-imp-,prs,,present,pe,come and,pe,apiVAI,api,VAI,sit,2PL,you all,kiyanawaw,imp,Immediate Imperative,
,epehapiyek,conj_pref-prs-pe-apiVAI-2PL-conj-,prs,,present,pe,come and,pe,apiVAI,api,VAI,sit,2PL,you all,kiyanawaw,conj,Conjunct,
,epehapiyahk,conj_pref-prs-pe-apiVAI-2I-conj-,prs,,present,pe,come and,pe,apiVAI,api,VAI,sit,2I,we (and you),kiyanaw,conj,Conjunct,
,epehapiyâhk,conj_pref-prs-pe-apiVAI-1PL-conj-,prs,,present,pe,come and,pe,apiVAI,api,VAI,sit,1PL,we (and not you),niyanan,conj,Conjunct,
,epemîcisocik,conj_pref-prs-pe-mîcisoVAI-3PL-conj-,prs,,present,pe,come and,pe,mîcisoVAI,mîciso,VAI,eat,3PL,they,wiyawaw,conj,Conjunct,
,pemîcisok,pe-mîcisoVAI-2PL-prs-imp-,prs,,present,pe,come and,pe,mîcisoVAI,mîciso,VAI,eat,2PL,you all,kiyanawaw,imp,Immediate Imperative,
,epemîcisoyek,conj_pref-prs-pe-mîcisoVAI-2PL-conj-,prs,,present,pe,come and,pe,mîcisoVAI,mîciso,VAI,eat,2PL,you all,kiyanawaw,conj,Conjunct,
,epemîcisoyahk,conj_pref-prs-pe-mîcisoVAI-2I-conj-,prs,,present,pe,come and,pe,mîcisoVAI,mîciso,VAI,eat,2I,we (and you),kiyanaw,conj,Conjunct,
,epemîcisoyâhk,conj_pref-prs-pe-mîcisoVAI-1PL-conj-,prs,,present,pe,come and,pe,mîcisoVAI,mîciso,VAI,eat,1PL,we (and not you),niyanan,conj,Conjunct,
,ehapicik,conj_pref-prs-NONE-apiVAI-3PL-conj-,prs,,present,NONE,no preverb,mahkikway preverb,apiVAI,api,VAI,sit,3PL,they,wiyawaw,conj,Conjunct,
,apik,NONE-apiVAI-2PL-prs-imp-,prs,,present,NONE,no preverb,mahkikway preverb,apiVAI,api,VAI,sit,2PL,you all,kiyanawaw,imp,Immediate Imperative,
,ehapiyek,conj_pref-prs-NONE-apiVAI-2PL-conj-,prs,,present,NONE,no preverb,mahkikway preverb,apiVAI,api,VAI,sit,2PL,you all,kiyanawaw,conj,Conjunct,
,ehapiyahk,conj_pref-prs-NONE-apiVAI-2I-conj-,prs,,present,NONE,no preverb,mahkikway preverb,apiVAI,api,VAI,sit,2I,we (and you),kiyanaw,conj,Conjunct,
,ehapiyâhk,conj_pref-prs-NONE-apiVAI-1PL-conj-,prs,,present,NONE,no preverb,mahkikway preverb,apiVAI,api,VAI,sit,1PL,we (and not you),niyanan,conj,Conjunct,
,emîcisocik,conj_pref-prs-NONE-mîcisoVAI-3PL-conj-,prs,,present,NONE,no preverb,mahkikway preverb,mîcisoVAI,mîciso,VAI,eat,3PL,they,wiyawaw,conj,Conjunct,
,mîcisok,NONE-mîcisoVAI-2PL-prs-imp-,prs,,present,NONE,no preverb,mahkikway preverb,mîcisoVAI,mîciso,VAI,eat,2PL,you all,kiyanawaw,imp,Immediate Imperative,
,emîcisoyek,conj_pref-prs-NONE-mîcisoVAI-2PL-conj-,prs,,present,NONE,no preverb,mahkikway preverb,mîcisoVAI,mîciso,VAI,eat,2PL,you all,kiyanawaw,conj,Conjunct,
,emîcisoyahk,conj_pref-prs-NONE-mîcisoVAI-2I-conj-,prs,,present,NONE,no preverb,mahkikway preverb,mîcisoVAI,mîciso,VAI,eat,2I,we (and you),kiyanaw,conj,Conjunct,
,emîcisoyâhk,conj_pref-prs-NONE-mîcisoVAI-1PL-conj-,prs,,present,NONE,no preverb,mahkikway preverb,mîcisoVAI,mîciso,VAI,eat,1PL,we (and not you),niyanan,conj,Conjunct,
,ekahatihapiyit,conj_pref-fut_def-ati-apiVAI-3'-conj-,fut_def,ka,future definite,ati,begin to,ati,apiVAI,api,VAI,sit,3',John's son(s),John okosisa,conj,Conjunct,
,ekahatihapit,conj_pref-fut_def-ati-apiVAI-3SG-conj-,fut_def,ka,future definite,ati,begin to,ati,apiVAI,api,VAI,sit,3SG,s/he,wiya,conj,Conjunct,
,ekahatimîcisoyit,conj_pref-fut_def-ati-mîcisoVAI-3'-conj-,fut_def,ka,future definite,ati,begin to,ati,mîcisoVAI,mîciso,VAI,eat,3',John's son(s),John okosisa,conj,Conjunct,
,ekahatimîcisot,conj_pref-fut_def-ati-mîcisoVAI-3SG-conj-,fut_def,ka,future definite,ati,begin to,ati,mîcisoVAI,mîciso,VAI,eat,3SG,s/he,wiya,conj,Conjunct,
,ekanitawihapiyit,conj_pref-fut_def-nitawi-apiVAI-3'-conj-,fut_def,ka,future definite,nitawi,good at,nitawi,apiVAI,api,VAI,sit,3',John's son(s),John okosisa,conj,Conjunct,
,ekanitawihapit,conj_pref-fut_def-nitawi-apiVAI-3SG-conj-,fut_def,ka,future definite,nitawi,good at,nitawi,apiVAI,api,VAI,sit,3SG,s/he,wiya,conj,Conjunct,
,ekanitawimîcisoyit,conj_pref-fut_def-nitawi-mîcisoVAI-3'-conj-,fut_def,ka,future definite,nitawi,good at,nitawi,mîcisoVAI,mîciso,VAI,eat,3',John's son(s),John okosisa,conj,Conjunct,
,ekanitawimîcisot,conj_pref-fut_def-nitawi-mîcisoVAI-3SG-conj-,fut_def,ka,future definite,nitawi,good at,nitawi,mîcisoVAI,mîciso,VAI,eat,3SG,s/he,wiya,conj,Conjunct,
,ekapehapiyit,conj_pref-fut_def-pe-apiVAI-3'-conj-,fut_def,ka,future definite,pe,come and,pe,apiVAI,api,VAI,sit,3',John's son(s),John okosisa,conj,Conjunct,
,ekapehapit,conj_pref-fut_def-pe-apiVAI-3SG-conj-,fut_def,ka,future definite,pe,come and,pe,apiVAI,api,VAI,sit,3SG,s/he,wiya,conj,Conjunct,
,ekapemîcisoyit,conj_pref-fut_def-pe-mîcisoVAI-3'-conj-,fut_def,ka,future definite,pe,come and,pe,mîcisoVAI,mîciso,VAI,eat,3',John's son(s),John okosisa,conj,Conjunct,
,ekapemîcisot,conj_pref-fut_def-pe-mîcisoVAI-3SG-conj-,fut_def,ka,future definite,pe,come and,pe,mîcisoVAI,mîciso,VAI,eat,3SG,s/he,wiya,conj,Conjunct,
,ekahapiyit,conj_pref-fut_def-NONE-apiVAI-3'-conj-,fut_def,ka,future definite,NONE,no preverb,mahkikway preverb,apiVAI,api,VAI,sit,3',John's son(s),John okosisa,conj,Conjunct,
,ekahapit,conj_pref-fut_def-NONE-apiVAI-3SG-conj-,fut_def,ka,future definite,NONE,no preverb,mahkikway preverb,apiVAI,api,VAI,sit,3SG,s/he,wiya,conj,Conjunct,
,ekamîcisoyit,conj_pref-fut_def-NONE-mîcisoVAI-3'-conj-,fut_def,ka,future definite,NONE,no preverb,mahkikway preverb,mîcisoVAI,mîciso,VAI,eat,3',John's son(s),John okosisa,conj,Conjunct,
,ekamîcisot,conj_pref-fut_def-NONE-mîcisoVAI-3SG-conj-,fut_def,ka,future definite,NONE,no preverb,mahkikway preverb,mîcisoVAI,mîciso,VAI,eat,3SG,s/he,wiya,conj,Conjunct,
,ewîhatihapiyit,conj_pref-fut_int-ati-apiVAI-3'-conj-,fut_int,wî,future intentional,ati,begin to,ati,apiVAI,api,VAI,sit,3',John's son(s),John okosisa,conj,Conjunct,
,ewîhatihapit,conj_pref-fut_int-ati-apiVAI-3SG-conj-,fut_int,wî,future intentional,ati,begin to,ati,apiVAI,api,VAI,sit,3SG,s/he,wiya,conj,Conjunct,
,ewîhatimîcisoyit,conj_pref-fut_int-ati-mîcisoVAI-3'-conj-,fut_int,wî,future intentional,ati,begin to,ati,mîcisoVAI,mîciso,VAI,eat,3',John's son(s),John okosisa,conj,Conjunct,
,ewîhatimîcisot,conj_pref-fut_int-ati-mîcisoVAI-3SG-conj-,fut_int,wî,future intentional,ati,begin to,ati,mîcisoVAI,mîciso,VAI,eat,3SG,s/he,wiya,conj,Conjunct,
,ewînitawihapiyit,conj_pref-fut_int-nitawi-apiVAI-3'-conj-,fut_int,wî,future intentional,nitawi,good at,nitawi,apiVAI,api,VAI,sit,3',John's son(s),John okosisa,conj,Conjunct,
,ewînitawihapit,conj_pref-fut_int-nitawi-apiVAI-3SG-conj-,fut_int,wî,future intentional,nitawi,good at,nitawi,apiVAI,api,VAI,sit,3SG,s/he,wiya,conj,Conjunct,
,ewînitawimîcisoyit,conj_pref-fut_int-nitawi-mîcisoVAI-3'-conj-,fut_int,wî,future intentional,nitawi,good at,nitawi,mîcisoVAI,mîciso,VAI,eat,3',John's son(s),John okosisa,conj,Conjunct,
,ewînitawimîcisot,conj_pref-fut_int-nitawi-mîcisoVAI-3SG-conj-,fut_int,wî,future intentional,nitawi,good at,nitawi,mîcisoVAI,mîciso,VAI,eat,3SG,s/he,wiya,conj,Conjunct,
,ewîpehapiyit,conj_pref-fut_int-pe-apiVAI-3'-conj-,fut_int,wî,future intentional,pe,come and,pe,apiVAI,api,VAI,sit,3',John's son(s),John okosisa,conj,Conjunct,
,ewîpehapit,conj_pref-fut_int-pe-apiVAI-3SG-conj-,fut_int,wî,future intentional,pe,come and,pe,apiVAI,api,VAI,sit,3SG,s/he,wiya,conj,Conjunct,
,ewîpemîcisoyit,conj_pref-fut_int-pe-mîcisoVAI-3'-conj-,fut_int,wî,future intentional,pe,come and,pe,mîcisoVAI,mîciso,VAI,eat,3',John's son(s),John okosisa,conj,Conjunct,
,ewîpemîcisot,conj_pref-fut_int-pe-mîcisoVAI-3SG-conj-,fut_int,wî,future intentional,pe,come and,pe,mîcisoVAI,mîciso,VAI,eat,3SG,s/he,wiya,conj,Conjunct,
,ewîhapiyit,conj_pref-fut_int-NONE-apiVAI-3'-conj-,fut_int,wî,future intentional,NONE,no preverb,mahkikway preverb,apiVAI,api,VAI,sit,3',John's son(s),John okosisa,conj,Conjunct,
,ewîhapit,conj_pref-fut_int-NONE-apiVAI-3SG-conj-,fut_int,wî,future intentional,NONE,no preverb,mahkikway preverb,apiVAI,api,VAI,sit,3SG,s/he,wiya,conj,Conjunct,
,ewîmîcisoyit,conj_pref-fut_int-NONE-mîcisoVAI-3'-conj-,fut_int,wî,future intentional,NONE,no preverb,mahkikway preverb,mîcisoVAI,mîciso,VAI,eat,3',John's son(s),John okosisa,conj,Conjunct,
,ewîmîcisot,conj_pref-fut_int-NONE-mîcisoVAI-3SG-conj-,fut_int,wî,future intentional,NONE,no preverb,mahkikway preverb,mîcisoVAI,mîciso,VAI,eat,3SG,s/he,wiya,conj,Conjunct,
,ekîhatihapiyit,conj_pref-pst-ati-apiVAI-3'-conj-,pst,kî,past,ati,begin to,ati,apiVAI,api,VAI,sit,3',John's son(s),John okosisa,conj,Conjunct,
,ekîhatihapit,conj_pref-pst-ati-apiVAI-3SG-conj-,pst,kî,past,ati,begin to,ati,apiVAI,api,VAI,sit,3SG,s/he,wiya,conj,Conjunct,
,ekîhatimîcisoyit,conj_pref-pst-ati-mîcisoVAI-3'-conj-,pst,kî,past,ati,begin to,ati,mîcisoVAI,mîciso,VAI,eat,3',John's son(s),John okosisa,conj,Conjunct,
,ekîhatimîcisot,conj_pref-pst-ati-mîcisoVAI-3SG-conj-,pst,kî,past,ati,begin to,ati,mîcisoVAI,mîciso,VAI,eat,3SG,s/he,wiya,conj,Conjunct,
,ekînitawihapiyit,conj_pref-pst-nitawi-apiVAI-3'-conj-,pst,kî,past,nitawi,good at,nitawi,apiVAI,api,VAI,sit,3',John's son(s),John okosisa,conj,Conjunct,
,ekînitawihapit,conj_pref-pst-nitawi-apiVAI-3SG-conj-,pst,kî,past,nitawi,good at,nitawi,apiVAI,api,VAI,sit,3SG,s/he,wiya,conj,Conjunct,
,ekînitawimîcisoyit,conj_pref-pst-nitawi-mîcisoVAI-3'-conj-,pst,kî,past,nitawi,good at,nitawi,mîcisoVAI,mîciso,VAI,eat,3',John's son(s),John okosisa,conj,Conjunct,
,ekînitawimîcisot,conj_pref-pst-nitawi-mîcisoVAI-3SG-conj-,pst,kî,past,nitawi,good at,nitawi,mîcisoVAI,mîciso,VAI,eat,3SG,s/he,wiya,conj,Conjunct,
,ekîpehapiyit,conj_pref-pst-pe-apiVAI-3'-conj-,pst,kî,past,pe,come and,pe,apiVAI,api,VAI,sit,3',John's son(s),John okosisa,conj,Conjunct,
,ekîpehapit,conj_pref-pst-pe-apiVAI-3SG-conj-,pst,kî,past,pe,come and,pe,apiVAI,api,VAI,sit,3SG,s/he,wiya,conj,Conjunct,
,ekîpemîcisoyit,conj_pref-pst-pe-mîcisoVAI-3'-conj-,pst,kî,past,pe,come and,pe,mîcisoVAI,mîciso,VAI,eat,3',John's son(s),John okosisa,conj,Conjunct,
,ekîpemîcisot,conj_pref-pst-pe-mîcisoVAI-3SG-conj-,pst,kî,past,pe,come and,pe,mîcisoVAI,mîciso,VAI,eat,3SG,s/he,wiya,conj,Conjunct,
,ekîhapiyit,conj_pref-pst-NONE-apiVAI-3'-conj-,pst,kî,past,NONE,no preverb,mahkikway preverb,apiVAI,api,VAI,sit,3',John's son(s),John okosisa,conj,Conjunct,
,ekîhapit,conj_pref-pst-NONE-apiVAI-3SG-conj-,pst,kî,past,NONE,no preverb,mahkikway preverb,apiVAI,api,VAI,sit,3SG,s/he,wiya,conj,Conjunct,
,ekîmîcisoyit,conj_pref-pst-NONE-mîcisoVAI-3'-conj-,pst,kî,past,NONE,no preverb,mahkikway preverb,mîcisoVAI,mîciso,VAI,eat,3',John's son(s),John okosisa,conj,Conjunct,
,ekîmîcisot,conj_pref-pst-NONE-mîcisoVAI-3SG-conj-,pst,kî,past,NONE,no preverb,mahkikway preverb,mîcisoVAI,mîciso,VAI,eat,3SG,s/he,wiya,conj,Conjunct,
,ehatihapiyit,conj_pref-prs-ati-apiVAI-3'-conj-,prs,,present,ati,begin to,ati,apiVAI,api,VAI,sit,3',John's son(s),John okosisa,conj,Conjunct,
,ehatihapit,conj_pref-prs-ati-apiVAI-3SG-conj-,prs,,present,ati,begin to,ati,apiVAI,api,VAI,sit,3SG,s/he,wiya,conj,Conjunct,
,ehatimîcisoyit,conj_pref-prs-ati-mîcisoVAI-3'-conj-,prs,,present,ati,begin to,ati,mîcisoVAI,mîciso,VAI,eat,3',John's son(s),John okosisa,conj,Conjunct,
,ehatimîcisot,conj_pref-prs-ati-mîcisoVAI-3SG-conj-,prs,,present,ati,begin to,ati,mîcisoVAI,mîciso,VAI,eat,3SG,s/he,wiya,conj,Conjunct,
,enitawihapiyit,conj_pref-prs-nitawi-apiVAI-3'-conj-,prs,,present,nitawi,good at,nitawi,apiVAI,api,VAI,sit,3',John's son(s),John okosisa,conj,Conjunct,
,enitawihapit,conj_pref-prs-nitawi-apiVAI-3SG-conj-,prs,,present,nitawi,good at,nitawi,apiVAI,api,VAI,sit,3SG,s/he,wiya,conj,Conjunct,
,enitawimîcisoyit,conj_pref-prs-nitawi-mîcisoVAI-3'-conj-,prs,,present,nitawi,good at,nitawi,mîcisoVAI,mîciso,VAI,eat,3',John's son(s),John okosisa,conj,Conjunct,
,enitawimîcisot,conj_pref-prs-nitawi-mîcisoVAI-3SG-conj-,prs,,present,nitawi,good at,nitawi,mîcisoVAI,mîciso,VAI,eat,3SG,s/he,wiya,conj,Conjunct,
,epehapiyit,conj_pref-prs-pe-apiVAI-3'-conj-,prs,,present,pe,come and,pe,apiVAI,api,VAI,sit,3',John's son(s),John okosisa,conj,Conjunct,
,epehapit,conj_pref-prs-pe-apiVAI-3SG-conj-,prs,,present,pe,come and,pe,apiVAI,api,VAI,sit,3SG,s/he,wiya,conj,Conjunct,
,epemîcisoyit,conj_pref-prs-pe-mîcisoVAI-3'-conj-,prs,,present,pe,come and,pe,mîcisoVAI,mîciso,VAI,eat,3',John's son(s),John okosisa,conj,Conjunct,
,epemîcisot,conj_pref-prs-pe-mîcisoVAI-3SG-conj-,prs,,present,pe,come and,pe,mîcisoVAI,mîciso,VAI,eat,3SG,s/he,wiya,conj,Conjunct,
,ehapiyit,conj_pref-prs-NONE-apiVAI-3'-conj-,prs,,present,NONE,no preverb,mahkikway preverb,apiVAI,api,VAI,sit,3',John's son(s),John okosisa,conj,Conjunct,
,ehapit,conj_pref-prs-NONE-apiVAI-3SG-conj-,prs,,present,NONE,no preverb,mahkikway preverb,apiVAI,api,VAI,sit,3SG,s/he,wiya,conj,Conjunct,
,emîcisoyit,conj_pref-prs-NONE-mîcisoVAI-3'-conj-,prs,,present,NONE,no preverb,mahkikway preverb,mîcisoVAI,mîciso,VAI,eat,3',John's son(s),John okosisa,conj,Conjunct,
,emîcisot,conj_pref-prs-NONE-mîcisoVAI-3SG-conj-,prs,,present,NONE,no preverb,mahkikway preverb,mîcisoVAI,mîciso,VAI,eat,3SG,s/he,wiya,conj,Conjunct,
,ekahatihapiyan,conj_pref-fut_def-ati-apiVAI-2SG-conj-,fut_def,ka,future definite,ati,begin to,ati,apiVAI,api,VAI,sit,2SG,you,kiya,conj,Conjunct,
,ekahatihapiyân,conj_pref-fut_def-ati-apiVAI-1SG-conj-,fut_def,ka,future definite,ati,begin to,ati,apiVAI,api,VAI,sit,1SG,I,niya,conj,Conjunct,
,ekahatimîcisoyan,conj_pref-fut_def-ati-mîcisoVAI-2SG-conj-,fut_def,ka,future definite,ati,begin to,ati,mîcisoVAI,mîciso,VAI,eat,2SG,you,kiya,conj,Conjunct,
,ekahatimîcisoyân,conj_pref-fut_def-ati-mîcisoVAI-1SG-conj-,fut_def,ka,future definite,ati,begin to,ati,mîcisoVAI,mîciso,VAI,eat,1SG,I,niya,conj,Conjunct,
,ekanitawihapiyan,conj_pref-fut_def-nitawi-apiVAI-2SG-conj-,fut_def,ka,future definite,nitawi,good at,nitawi,apiVAI,api,VAI,sit,2SG,you,kiya,conj,Conjunct,
,ekanitawihapiyân,conj_pref-fut_def-nitawi-apiVAI-1SG-conj-,fut_def,ka,future definite,nitawi,good at,nitawi,apiVAI,api,VAI,sit,1SG,I,niya,conj,Conjunct,
,ekanitawimîcisoyan,conj_pref-fut_def-nitawi-mîcisoVAI-2SG-conj-,fut_def,ka,future definite,nitawi,good at,nitawi,mîcisoVAI,mîciso,VAI,eat,2SG,you,kiya,conj,Conjunct,
,ekanitawimîcisoyân,conj_pref-fut_def-nitawi-mîcisoVAI-1SG-conj-,fut_def,ka,future definite,nitawi,good at,nitawi,mîcisoVAI,mîciso,VAI,eat,1SG,I,niya,conj,Conjunct,
,ekapehapiyan,conj_pref-fut_def-pe-apiVAI-2SG-conj-,fut_def,ka,future definite,pe,come and,pe,apiVAI,api,VAI,sit,2SG,you,kiya,conj,Conjunct,
,ekapehapiyân,conj_pref-fut_def-pe-apiVAI-1SG-conj-,fut_def,ka,future definite,pe,come and,pe,apiVAI,api,VAI,sit,1SG,I,niya,conj,Conjunct,
,ekapemîcisoyan,conj_pref-fut_def-pe-mîcisoVAI-2SG-conj-,fut_def,ka,future definite,pe,come and,pe,mîcisoVAI,mîciso,VAI,eat,2SG,you,kiya,conj,Conjunct,
,ekapemîcisoyân,conj_pref-fut_def-pe-mîcisoVAI-1SG-conj-,fut_def,ka,future definite,pe,come and,pe,mîcisoVAI,mîciso,VAI,eat,1SG,I,niya,conj,Conjunct,
,ekahapiyan,conj_pref-fut_def-NONE-apiVAI-2SG-conj-,fut_def,ka,future definite,NONE,no preverb,mahkikway preverb,apiVAI,api,VAI,sit,2SG,you,kiya,conj,Conjunct,
,ekahapiyân,conj_pref-fut_def-NONE-apiVAI-1SG-conj-,fut_def,ka,future definite,NONE,no preverb,mahkikway preverb,apiVAI,api,VAI,sit,1SG,I,niya,conj,Conjunct,
,ekamîcisoyan,conj_pref-fut_def-NONE-mîcisoVAI-2SG-conj-,fut_def,ka,future definite,NONE,no preverb,mahkikway preverb,mîcisoVAI,mîciso,VAI,eat,2SG,you,kiya,conj,Conjunct,
,ekamîcisoyân,conj_pref-fut_def-NONE-mîcisoVAI-1SG-conj-,fut_def,ka,future definite,NONE,no preverb,mahkikway preverb,mîcisoVAI,mîciso,VAI,eat,1SG,I,niya,conj,Conjunct,
,ewîhatihapiyan,conj_pref-fut_int-ati-apiVAI-2SG-conj-,fut_int,wî,future intentional,ati,begin to,ati,apiVAI,api,VAI,sit,2SG,you,kiya,conj,Conjunct,
,ewîhatihapiyân,conj_pref-fut_int-ati-apiVAI-1SG-conj-,fut_int,wî,future intentional,ati,begin to,ati,apiVAI,api,VAI,sit,1SG,I,niya,conj,Conjunct,
,ewîhatimîcisoyan,conj_pref-fut_int-ati-mîcisoVAI-2SG-conj-,fut_int,wî,future intentional,ati,begin to,ati,mîcisoVAI,mîciso,VAI,eat,2SG,you,kiya,conj,Conjunct,
,ewîhatimîcisoyân,conj_pref-fut_int-ati-mîcisoVAI-1SG-conj-,fut_int,wî,future intentional,ati,begin to,ati,mîcisoVAI,mîciso,VAI,eat,1SG,I,niya,conj,Conjunct,
,ewînitawihapiyan,conj_pref-fut_int-nitawi-apiVAI-2SG-conj-,fut_int,wî,future intentional,nitawi,good at,nitawi,apiVAI,api,VAI,sit,2SG,you,kiya,conj,Conjunct,
,ewînitawihapiyân,conj_pref-fut_int-nitawi-apiVAI-1SG-conj-,fut_int,wî,future intentional,nitawi,good at,nitawi,apiVAI,api,VAI,sit,1SG,I,niya,conj,Conjunct,
,ewînitawimîcisoyan,conj_pref-fut_int-nitawi-mîcisoVAI-2SG-conj-,fut_int,wî,future intentional,nitawi,good at,nitawi,mîcisoVAI,mîciso,VAI,eat,2SG,you,kiya,conj,Conjunct,
,ewînitawimîcisoyân,conj_pref-fut_int-nitawi-mîcisoVAI-1SG-conj-,fut_int,wî,future intentional,nitawi,good at,nitawi,mîcisoVAI,mîciso,VAI,eat,1SG,I,niya,conj,Conjunct,
,ewîpehapiyan,conj_pref-fut_int-pe-apiVAI-2SG-conj-,fut_int,wî,future intentional,pe,come and,pe,apiVAI,api,VAI,sit,2SG,you,kiya,conj,Conjunct,
,ewîpehapiyân,conj_pref-fut_int-pe-apiVAI-1SG-conj-,fut_int,wî,future intentional,pe,come and,pe,apiVAI,api,VAI,sit,1SG,I,niya,conj,Conjunct,
,ewîpemîcisoyan,conj_pref-fut_int-pe-mîcisoVAI-2SG-conj-,fut_int,wî,future intentional,pe,come and,pe,mîcisoVAI,mîciso,VAI,eat,2SG,you,kiya,conj,Conjunct,
,ewîpemîcisoyân,conj_pref-fut_int-pe-mîcisoVAI-1SG-conj-,fut_int,wî,future intentional,pe,come and,pe,mîcisoVAI,mîciso,VAI,eat,1SG,I,niya,conj,Conjunct,
,ewîhapiyan,conj_pref-fut_int-NONE-apiVAI-2SG-conj-,fut_int,wî,future intentional,NONE,no preverb,mahkikway preverb,apiVAI,api,VAI,sit,2SG,you,kiya,conj,Conjunct,
,ewîhapiyân,conj_pref-fut_int-NONE-apiVAI-1SG-conj-,fut_int,wî,future intentional,NONE,no preverb,mahkikway preverb,apiVAI,api,VAI,sit,1SG,I,niya,conj,Conjunct,
,ewîmîcisoyan,conj_pref-fut_int-NONE-mîcisoVAI-2SG-conj-,fut_int,wî,future intentional,NONE,no preverb,mahkikway preverb,mîcisoVAI,mîciso,VAI,eat,2SG,you,kiya,conj,Conjunct,
,ewîmîcisoyân,conj_pref-fut_int-NONE-mîcisoVAI-1SG-conj-,fut_int,wî,future intentional,NONE,no preverb,mahkikway preverb,mîcisoVAI,mîciso,VAI,eat,1SG,I,niya,conj,Conjunct,
,atihapihkan,ati-apiVAI-pst-2SG-delayed_imp-,pst,kî,past,ati,begin to,ati,apiVAI,api,VAI,sit,2SG,you,kiya,delayed_imp,Delayed Imperative,
,ekîhatihapiyan,conj_pref-pst-ati-apiVAI-2SG-conj-,pst,kî,past,ati,begin to,ati,apiVAI,api,VAI,sit,2SG,you,kiya,conj,Conjunct,
,ekîhatihapiyân,conj_pref-pst-ati-apiVAI-1SG-conj-,pst,kî,past,ati,begin to,ati,apiVAI,api,VAI,sit,1SG,I,niya,conj,Conjunct,
,atimîcisohkan,ati-mîcisoVAI-pst-2SG-delayed_imp-,pst,kî,past,ati,begin to,ati,mîcisoVAI,mîciso,VAI,eat,2SG,you,kiya,delayed_imp,Delayed Imperative,
,ekîhatimîcisoyan,conj_pref-pst-ati-mîcisoVAI-2SG-conj-,pst,kî,past,ati,begin to,ati,mîcisoVAI,mîciso,VAI,eat,2SG,you,kiya,conj,Conjunct,
,ekîhatimîcisoyân,conj_pref-pst-ati-mîcisoVAI-1SG-conj-,pst,kî,past,ati,begin to,ati,mîcisoVAI,mîciso,VAI,eat,1SG,I,niya,conj,Conjunct,
,nitawihapihkan,nitawi-apiVAI-pst-2SG-delayed_imp-,pst,kî,past,nitawi,good at,nitawi,apiVAI,api,VAI,sit,2SG,you,kiya,delayed_imp,Delayed Imperative,
,ekînitawihapiyan,conj_pref-pst-nitawi-apiVAI-2SG-conj-,pst,kî,past,nitawi,good at,nitawi,apiVAI,api,VAI,sit,2SG,you,kiya,conj,Conjunct,
,ekînitawihapiyân,conj_pref-pst-nitawi-apiVAI-1SG-conj-,pst,kî,past,nitawi,good at,nitawi,apiVAI,api,VAI,sit,1SG,I,niya,conj,Conjunct,
,nitawimîcisohkan,nitawi-mîcisoVAI-pst-2SG-delayed_imp-,pst,kî,past,nitawi,good at,nitawi,mîcisoVAI,mîciso,VAI,eat,2SG,you,kiya,delayed_imp,Delayed Imperative,
,ekînitawimîcisoyan,conj_pref-pst-nitawi-mîcisoVAI-2SG-conj-,pst,kî,past,nitawi,good at,nitawi,mîcisoVAI,mîciso,VAI,eat,2SG,you,kiya,conj,Conjunct,
,ekînitawimîcisoyân,conj_pref-pst-nitawi-mîcisoVAI-1SG-conj-,pst,kî,past,nitawi,good at,nitawi,mîcisoVAI,mîciso,VAI,eat,1SG,I,niya,conj,Conjunct,
,pehapihkan,pe-apiVAI-pst-2SG-delayed_imp-,pst,kî,past,pe,come and,pe,apiVAI,api,VAI,sit,2SG,you,kiya,delayed_imp,Delayed Imperative,
,ekîpehapiyan,conj_pref-pst-pe-apiVAI-2SG-conj-,pst,kî,past,pe,come and,pe,apiVAI,api,VAI,sit,2SG,you,kiya,conj,Conjunct,
,ekîpehapiyân,conj_pref-pst-pe-apiVAI-1SG-conj-,pst,kî,past,pe,come and,pe,apiVAI,api,VAI,sit,1SG,I,niya,conj,Conjunct,
,pemîcisohkan,pe-mîcisoVAI-pst-2SG-delayed_imp-,pst,kî,past,pe,come and,pe,mîcisoVAI,mîciso,VAI,eat,2SG,you,kiya,delayed_imp,Delayed Imperative,
,ekîpemîcisoyan,conj_pref-pst-pe-mîcisoVAI-2SG-conj-,pst,kî,past,pe,come and,pe,mîcisoVAI,mîciso,VAI,eat,2SG,you,kiya,conj,Conjunct,
,ekîpemîcisoyân,conj_pref-pst-pe-mîcisoVAI-1SG-conj-,pst,kî,past,pe,come and,pe,mîcisoVAI,mîciso,VAI,eat,1SG,I,niya,conj,Conjunct,
,apihkan,NONE-apiVAI-pst-2SG-delayed_imp-,pst,kî,past,NONE,no preverb,mahkikway preverb,apiVAI,api,VAI,sit,2SG,you,kiya,delayed_imp,Delayed Imperative,
,ekîhapiyan,conj_pref-pst-NONE-apiVAI-2SG-conj-,pst,kî,past,NONE,no preverb,mahkikway preverb,apiVAI,api,VAI,sit,2SG,you,kiya,conj,Conjunct,
,ekîhapiyân,conj_pref-pst-NONE-apiVAI-1SG-conj-,pst,kî,past,NONE,no preverb,mahkikway preverb,apiVAI,api,VAI,sit,1SG,I,niya,conj,Conjunct,
,mîcisohkan,NONE-mîcisoVAI-pst-2SG-delayed_imp-,pst,kî,past,NONE,no preverb,mahkikway preverb,mîcisoVAI,mîciso,VAI,eat,2SG,you,kiya,delayed_imp,Delayed Imperative,
,ekîmîcisoyan,conj_pref-pst-NONE-mîcisoVAI-2SG-conj-,pst,kî,past,NONE,no preverb,mahkikway preverb,mîcisoVAI,mîciso,VAI,eat,2SG,you,kiya,conj,Conjunct,
,ekîmîcisoyân,conj_pref-pst-NONE-mîcisoVAI-1SG-conj-,pst,kî,past,NONE,no preverb,mahkikway preverb,mîcisoVAI,mîciso,VAI,eat,1SG,I,niya,conj,Conjunct,
,atihapitân,ati-apiVAI-2I-prs-imp-,prs,,present,ati,begin to,ati,apiVAI,api,VAI,sit,2I,we (and you),kiyanaw,imp,Immediate Imperative,
,ehatihapiyan,conj_pref-prs-ati-apiVAI-2SG-conj-,prs,,present,ati,begin to,ati,apiVAI,api,VAI,sit,2SG,you,kiya,conj,Conjunct,
,ehatihapiyân,conj_pref-prs-ati-apiVAI-1SG-conj-,prs,,present,ati,begin to,ati,apiVAI,api,VAI,sit,1SG,I,niya,conj,Conjunct,
,atimîcisotân,ati-mîcisoVAI-2I-prs-imp-,prs,,present,ati,begin to,ati,mîcisoVAI,mîciso,VAI,eat,2I,we (and you),kiyanaw,imp,Immediate Imperative,
,ehatimîcisoyan,conj_pref-prs-ati-mîcisoVAI-2SG-conj-,prs,,present,ati,begin to,ati,mîcisoVAI,mîciso,VAI,eat,2SG,you,kiya,conj,Conjunct,
,ehatimîcisoyân,conj_pref-prs-ati-mîcisoVAI-1SG-conj-,prs,,present,ati,begin to,ati,mîcisoVAI,mîciso,VAI,eat,1SG,I,niya,conj,Conjunct,
,nitawihapitân,nitawi-apiVAI-2I-prs-imp-,prs,,present,nitawi,good at,nitawi,apiVAI,api,VAI,sit,2I,we (and you),kiyanaw,imp,Immediate Imperative,
,enitawihapiyan,conj_pref-prs-nitawi-apiVAI-2SG-conj-,prs,,present,nitawi,good at,nitawi,apiVAI,api,VAI,sit,2SG,you,kiya,conj,Conjunct,
,enitawihapiyân,conj_pref-prs-nitawi-apiVAI-1SG-conj-,prs,,present,nitawi,good at,nitawi,apiVAI,api,VAI,sit,1SG,I,niya,conj,Conjunct,
,nitawimîcisotân,nitawi-mîcisoVAI-2I-prs-imp-,prs,,present,nitawi,good at,nitawi,mîcisoVAI,mîciso,VAI,eat,2I,we (and you),kiyanaw,imp,Immediate Imperative,
,enitawimîcisoyan,conj_pref-prs-nitawi-mîcisoVAI-2SG-conj-,prs,,present,nitawi,good at,nitawi,mîcisoVAI,mîciso,VAI,eat,2SG,you,kiya,conj,Conjunct,
,enitawimîcisoyân,conj_pref-prs-nitawi-mîcisoVAI-1SG-conj-,prs,,present,nitawi,good at,nitawi,mîcisoVAI,mîciso,VAI,eat,1SG,I,niya,conj,Conjunct,
,pehapitân,pe-apiVAI-2I-prs-imp-,prs,,present,pe,come and,pe,apiVAI,api,VAI,sit,2I,we (and you),kiyanaw,imp,Immediate Imperative,
,epehapiyan,conj_pref-prs-pe-apiVAI-2SG-conj-,prs,,present,pe,come and,pe,apiVAI,api,VAI,sit,2SG,you,kiya,conj,Conjunct,
,epehapiyân,conj_pref-prs-pe-apiVAI-1SG-conj-,prs,,present,pe,come and,pe,apiVAI,api,VAI,sit,1SG,I,niya,conj,Conjunct,
,pemîcisotân,pe-mîcisoVAI-2I-prs-imp-,prs,,present,pe,come and,pe,mîcisoVAI,mîciso,VAI,eat,2I,we (and you),kiyanaw,imp,Immediate Imperative,
,epemîcisoyan,conj_pref-prs-pe-mîcisoVAI-2SG-conj-,prs,,present,pe,come and,pe,mîcisoVAI,mîciso,VAI,eat,2SG,you,kiya,conj,Conjunct,
,epemîcisoyân,conj_pref-prs-pe-mîcisoVAI-1SG-conj-,prs,,present,pe,come and,pe,mîcisoVAI,mîciso,VAI,eat,1SG,I,niya,conj,Conjunct,
,apitân,NONE-apiVAI-2I-prs-imp-,prs,,present,NONE,no preverb,mahkikway preverb,apiVAI,api,VAI,sit,2I,we (and you),kiyanaw,imp,Immediate Imperative,
,ehapiyan,conj_pref-prs-NONE-apiVAI-2SG-conj-,prs,,present,NONE,no preverb,mahkikway preverb,apiVAI,api,VAI,sit,2SG,you,kiya,conj,Conjunct,
,ehapiyân,conj_pref-prs-NONE-apiVAI-1SG-conj-,prs,,present,NONE,no preverb,mahkikway preverb,apiVAI,api,VAI,sit,1SG,I,niya,conj,Conjunct,
,mîcisotân,NONE-mîcisoVAI-2I-prs-imp-,prs,,present,NONE,no preverb,mahkikway preverb,mîcisoVAI,mîciso,VAI,eat,2I,we (and you),kiyanaw,imp,Immediate Imperative,
,emîcisoyan,conj_pref-prs-NONE-mîcisoVAI-2SG-conj-,prs,,present,NONE,no preverb,mahkikway preverb,mîcisoVAI,mîciso,VAI,eat,2SG,you,kiya,conj,Conjunct,
,emîcisoyân,conj_pref-prs-NONE-mîcisoVAI-1SG-conj-,prs,,present,NONE,no preverb,mahkikway preverb,mîcisoVAI,mîciso,VAI,eat,1SG,I,niya,conj,Conjunct,